id_cliente,nome,sexo,data_nascimento,cidade,estado,data_cadastro
1,João Pedro Cavalcanti,Masculino,2002-07-07,Barbosa das Pedras,PB,2025-03-23
2,Sra. Maria Eduarda Rocha,Masculino,1992-09-19,da Paz,MA,2022-10-19
3,Dr. Luiz Miguel Porto,Feminino,1987-07-13,Peixoto,ES,2023-12-31
4,Guilherme da Cruz,Masculino,1953-04-20,Campos Alegre,PE,2025-03-17
5,Sr. Bryan Costela,Masculino,1970-01-19,da Luz de Minas,AL,2025-07-06
6,Camila Araújo,Masculino,1974-10-13,da Rocha,CE,2024-12-12
7,Emanuella Ferreira,Masculino,2004-07-09,Silva,AL,2024-02-05
8,Stephany Costela,Masculino,1970-02-13,Araújo da Serra,BA,2023-06-09
9,Davi Luiz Vieira,Feminino,1997-11-17,Alves de Minas,SP,2024-03-02
10,Dr. Davi Luiz Pereira,Masculino,1993-06-28,Cunha de da Cunha,DF,2022-08-08
11,Vitor Azevedo,Masculino,1983-06-14,da Cruz,MS,2024-06-30
12,Henrique Peixoto,Masculino,1993-07-06,Almeida do Norte,GO,2024-05-08
13,Pedro da Rocha,Masculino,1986-08-19,da Cunha de Lopes,DF,2023-12-01
14,Arthur da Paz,Masculino,1949-09-05,Gomes da Mata,AP,2024-04-17
15,Leonardo Ferreira,Masculino,1967-05-06,Farias de Vieira,SE,2024-04-26
16,Alícia Cardoso,Masculino,2003-11-30,Porto de da Conceição,MT,2025-06-05
17,Alícia Melo,Feminino,1988-12-29,Gomes do Galho,AL,2024-05-21
18,Maysa da Cruz,Masculino,2004-12-23,Oliveira Grande,MA,2023-06-21
19,Kevin Correia,Feminino,1992-06-19,Novaes,PR,2024-09-17
20,Enzo Gabriel Caldeira,Feminino,1990-07-25,Cavalcanti Paulista,PB,2022-12-15
21,Mariana Nunes,Masculino,1960-12-28,Peixoto do Oeste,PI,2022-10-07
22,Bárbara Barros,Masculino,1973-11-17,Jesus Verde,DF,2024-05-23
23,Yago Jesus,Feminino,1966-10-10,Mendes de Rezende,RN,2023-09-06
24,Camila Duarte,Feminino,1971-10-16,Ramos do Norte,RS,2022-09-17
25,Bruno Vieira,Feminino,1984-11-27,Pires,RO,2024-07-14
26,Luiz Fernando Vieira,Masculino,1976-03-04,da Rocha de Peixoto,MG,2023-04-07
27,Lucas Teixeira,Masculino,2005-11-09,da Luz,RJ,2025-01-29
28,Rafael Monteiro,Feminino,1950-11-22,Farias,MG,2023-06-22
29,Dra. Maria Luiza Moreira,Masculino,1974-04-07,Alves,ES,2024-05-22
30,Felipe Barbosa,Masculino,2002-09-10,Oliveira,MS,2025-02-19
31,Sra. Emilly Gomes,Feminino,1998-04-15,Castro do Galho,PB,2023-01-02
32,Paulo Mendes,Masculino,1964-05-27,Porto,PI,2025-02-18
33,Sr. Diogo Barros,Feminino,1950-10-16,Aragão,MS,2025-01-09
34,Lorenzo Almeida,Feminino,1959-04-03,Rodrigues,RJ,2024-09-25
35,Nathan Moraes,Feminino,1987-06-13,Nunes,ES,2024-06-12
36,Manuela Ribeiro,Masculino,1976-07-30,Nunes de Fogaça,MA,2022-12-15
37,Murilo Gomes,Feminino,1953-06-19,Azevedo da Mata,SE,2023-04-06
38,Fernando Dias,Masculino,1972-06-17,Costela,ES,2023-07-01
39,Lara Campos,Feminino,2007-02-21,Barros de Goiás,MS,2024-01-20
40,Laís Costa,Masculino,1985-06-03,Souza,AP,2024-09-15
41,Thiago Moura,Feminino,1957-03-13,da Paz,BA,2023-05-18
42,Guilherme Pereira,Feminino,1986-12-19,Teixeira Paulista,SP,2024-05-23
43,Emanuelly Silva,Masculino,1981-06-16,Castro de Vieira,ES,2023-03-15
44,Srta. Kamilly Costela,Masculino,1991-10-12,da Paz das Flores,ES,2023-07-22
45,João Miguel Pereira,Masculino,1955-09-13,da Mata de Aragão,RS,2024-07-13
46,Dra. Catarina Mendes,Masculino,1973-05-16,Moreira,ES,2022-11-29
47,Dra. Caroline Dias,Feminino,1971-04-01,Barbosa,MA,2025-07-25
48,Dr. Henrique Teixeira,Masculino,2006-07-06,Gonçalves,RO,2023-03-06
49,Alice Alves,Masculino,1969-07-20,Cardoso das Flores,BA,2023-09-26
50,João Gabriel Nunes,Masculino,1991-02-23,da Mota,RO,2022-10-04
51,Levi Nogueira,Feminino,1979-03-10,da Conceição de Goiás,TO,2025-04-12
52,Maria Luiza Correia,Feminino,1951-05-11,Santos Alegre,RN,2023-01-03
53,Isabelly Lopes,Feminino,1983-12-11,da Paz de Fogaça,PA,2023-10-20
54,Lucas Gabriel Nogueira,Feminino,1982-09-03,Fogaça Verde,SP,2025-03-04
55,Camila Monteiro,Masculino,1998-08-15,da Mata de Minas,AP,2024-08-08
56,Valentina da Luz,Feminino,1960-03-13,Barros de Minas,RS,2025-02-26
57,Nicolas da Rosa,Feminino,1955-11-28,Rodrigues de Mendes,PB,2025-01-21
58,Luiz Henrique Campos,Masculino,1983-06-21,Gomes da Mata,AC,2024-05-22
59,Agatha Pereira,Feminino,1998-10-04,Castro,RJ,2024-08-26
60,Ryan Rezende,Masculino,1986-05-20,Gomes do Norte,MA,2025-06-21
61,Juliana da Mata,Masculino,1976-07-17,Freitas,AP,2023-09-14
62,Camila Ramos,Masculino,2005-08-19,Alves,RN,2023-10-03
63,Larissa Barbosa,Masculino,2006-02-04,Azevedo de Souza,SE,2024-05-05
64,Yago das Neves,Feminino,1998-06-11,Souza,MG,2023-05-27
65,Ana Beatriz Ribeiro,Feminino,1996-05-25,Barbosa,TO,2024-11-26
66,Rebeca Barbosa,Feminino,1998-11-24,Costa de Goiás,BA,2024-01-19
67,Dr. Lorenzo Costa,Masculino,2000-01-16,Silva de Lopes,MG,2024-03-12
68,Srta. Bárbara Pires,Feminino,1963-05-16,Fernandes,PI,2024-11-14
69,Sr. Diogo Vieira,Masculino,1970-11-27,Souza do Norte,RJ,2022-12-17
70,Kevin Cunha,Masculino,1997-06-28,Monteiro de Minas,AM,2025-06-25
71,Marcela Pires,Masculino,1980-09-14,Barbosa de da Luz,PB,2024-05-19
72,Sra. Joana da Costa,Feminino,1954-06-09,Ramos,DF,2024-03-17
73,Srta. Eduarda Jesus,Feminino,1988-12-31,Ribeiro da Mata,RS,2024-04-21
74,Thiago Lopes,Feminino,1980-10-26,Ferreira,GO,2024-03-18
75,Emanuel Dias,Masculino,1961-12-30,Lima,BA,2024-09-12
76,Nicolas Silveira,Masculino,1982-12-02,das Neves,RO,2025-01-25
77,Srta. Evelyn das Neves,Feminino,1974-10-20,Rodrigues,SE,2023-10-10
78,Sra. Ana Luiza das Neves,Masculino,1996-08-24,Pires dos Dourados,TO,2024-03-27
79,Sr. Erick Nunes,Feminino,1958-12-07,Viana,MG,2022-11-01
80,João Felipe Ribeiro,Feminino,1954-06-09,Rocha,RN,2023-08-29
81,Juan Dias,Feminino,1992-12-29,Almeida,AC,2023-02-01
82,Vitor Silva,Masculino,1973-02-26,da Conceição de Nunes,AL,2022-12-10
83,Lucas Rocha,Feminino,1978-09-17,Carvalho de Barbosa,RJ,2024-03-12
84,Maitê Ramos,Masculino,1967-10-01,da Cunha,SE,2023-11-20
85,Gustavo Henrique Carvalho,Masculino,1965-10-29,Freitas da Mata,CE,2025-01-05
86,Sr. Daniel da Paz,Feminino,1997-10-31,Rezende da Prata,MT,2023-01-22
87,Yago Dias,Feminino,1957-11-21,Oliveira,PI,2023-05-31
88,Thiago Sales,Feminino,1997-10-17,Fogaça Verde,PA,2022-09-12
89,Srta. Sophia Cunha,Feminino,1954-11-18,Barbosa Alegre,SC,2023-03-23
90,Sarah Silveira,Masculino,1976-05-14,Martins,AP,2024-01-05
91,Gabrielly Silveira,Masculino,1964-03-11,das Neves,MG,2024-04-29
92,Dr. Igor Fernandes,Feminino,1968-08-18,Silva da Serra,MG,2025-02-27
93,Eloah Costa,Masculino,1988-05-15,Barbosa,SC,2025-01-21
94,Bryan Teixeira,Masculino,2004-10-27,Vieira,AL,2023-10-08
95,Alana Teixeira,Masculino,1961-12-04,Souza da Praia,TO,2023-11-02
96,Daniel Ferreira,Masculino,1954-06-22,Rodrigues,AC,2024-05-10
97,Leandro Nunes,Masculino,1965-08-16,Sales do Galho,RS,2023-09-13
98,Srta. Agatha Viana,Feminino,1998-07-10,Mendes das Pedras,RR,2025-04-17
99,Maria Luiza Almeida,Masculino,1952-06-11,Nunes,CE,2023-04-14
100,Alexandre da Mata,Feminino,1977-05-28,da Mota Grande,RJ,2023-10-23
101,Gabriela Moraes,Feminino,1995-08-15,Fogaça,RR,2025-07-27
102,Heloísa Monteiro,Feminino,1996-11-03,Azevedo Verde,MA,2023-01-21
103,Luiza Mendes,Feminino,2003-09-26,Duarte,ES,2025-04-11
104,Arthur Monteiro,Masculino,1953-12-02,Farias,MA,2025-02-05
105,Cecília da Rocha,Masculino,1987-11-21,Correia,DF,2024-03-31
106,Kaique da Luz,Feminino,2001-06-13,Almeida do Galho,PR,2024-03-15
107,Maria Julia Castro,Feminino,2004-06-21,Peixoto das Flores,PR,2023-01-20
108,Srta. Melissa da Luz,Masculino,1961-04-04,Peixoto Grande,MA,2024-01-25
109,Giovanna Teixeira,Feminino,1967-06-05,da Rocha Grande,AP,2023-11-18
110,Enzo Peixoto,Feminino,1959-01-26,Moura do Oeste,MA,2022-12-14
111,Fernando Mendes,Masculino,1980-03-13,Rezende,RR,2025-03-15
112,Eloah Moura,Feminino,2006-08-03,Caldeira de Moraes,BA,2025-01-02
113,Dra. Bárbara Jesus,Masculino,1963-05-25,Castro da Mata,DF,2024-05-06
114,Dra. Emanuelly Caldeira,Feminino,1993-04-13,Almeida do Oeste,MG,2024-12-17
115,Ana Laura Alves,Masculino,1967-09-16,Fogaça Verde,MS,2024-12-30
116,Valentina da Paz,Masculino,1978-08-26,Oliveira,PR,2025-06-08
117,Fernando Monteiro,Feminino,1992-05-23,da Cruz Verde,RN,2024-07-18
118,Emanuel Dias,Masculino,2002-03-03,da Rocha de Barros,DF,2024-03-08
119,Henrique Barros,Masculino,1950-08-04,Jesus Verde,PR,2022-12-20
120,Sra. Heloísa Silva,Feminino,1962-06-17,Lopes,BA,2024-09-16
121,João Guilherme Ribeiro,Masculino,1991-04-21,Teixeira,BA,2023-05-18
122,Nathan da Cruz,Masculino,1996-12-19,Monteiro do Amparo,RR,2025-04-11
123,Renan Araújo,Feminino,1997-06-15,Cavalcanti,SP,2022-09-26
124,Miguel Costa,Feminino,1991-02-13,Nascimento,SE,2023-03-17
125,Henrique da Mata,Masculino,1968-07-31,da Rocha do Galho,PB,2024-11-06
126,Maria Vitória Lopes,Masculino,1953-11-22,Jesus,AC,2024-10-27
127,Sr. Calebe Barbosa,Feminino,1952-03-07,Silva,AM,2022-12-18
128,Camila da Costa,Feminino,1958-12-20,Costela,AL,2023-05-25
129,Yasmin Lopes,Masculino,2002-07-06,da Cunha de Freitas,AL,2024-04-21
130,Luiz Henrique Lima,Masculino,1992-02-21,da Conceição da Prata,MG,2023-09-29
131,Dr. Erick Teixeira,Masculino,1951-02-25,Porto de Pinto,GO,2022-08-29
132,Natália Silveira,Masculino,1953-07-08,Novaes,PA,2024-05-17
133,Dr. Augusto Aragão,Masculino,1976-10-11,Pires,PI,2022-12-29
134,Breno Dias,Feminino,1984-06-24,Peixoto,AL,2024-05-23
135,Sra. Camila Nogueira,Masculino,1970-11-26,Alves das Flores,RO,2025-01-08
136,Sr. Gustavo Monteiro,Masculino,1985-12-12,Rezende de Ferreira,SP,2024-08-30
137,Natália da Rocha,Masculino,1952-10-09,Pinto Verde,AP,2023-08-19
138,Juan Peixoto,Feminino,1956-01-12,Moura,AP,2023-12-02
139,Rafaela Souza,Masculino,1967-07-23,Jesus Alegre,DF,2025-01-11
140,Laís Martins,Feminino,2005-04-27,Cunha das Flores,BA,2024-02-12
141,Dr. Lucas Araújo,Feminino,1955-12-17,Nogueira de Costa,BA,2024-10-10
142,Yasmin Porto,Masculino,1971-06-07,Barros,GO,2023-04-09
143,Kevin das Neves,Masculino,1971-10-20,Jesus,RN,2022-09-15
144,Francisco da Cunha,Feminino,2004-10-28,da Cruz,RS,2022-12-28
145,João Miguel Duarte,Feminino,1957-04-26,Moura,SE,2023-05-22
146,Dra. Caroline Moreira,Feminino,1965-04-23,Viana de Caldeira,DF,2023-12-30
147,Marcela Monteiro,Feminino,1976-07-13,Correia de Costela,CE,2023-10-22
148,Bernardo Sales,Feminino,1955-02-01,Castro da Serra,RR,2022-11-10
149,Dra. Catarina Ribeiro,Masculino,1963-01-17,Viana,DF,2024-06-23
150,Juan das Neves,Masculino,1967-04-26,Gonçalves,ES,2025-02-28
151,Luna Aragão,Masculino,1986-08-09,Souza,RJ,2025-04-03
152,Heloísa Viana,Masculino,1998-05-26,Campos,MT,2023-02-21
153,Davi Nascimento,Feminino,1990-05-13,Teixeira Grande,MS,2022-09-09
154,Sr. Yago Viana,Masculino,1974-04-01,Carvalho Grande,RR,2023-09-26
155,Julia da Costa,Masculino,1982-11-17,Carvalho,MS,2024-02-18
156,Enrico Nunes,Masculino,1977-05-15,Almeida,AL,2024-10-10
157,Bruna Correia,Masculino,1950-05-01,Novaes,SP,2024-03-31
158,Maria Almeida,Masculino,1956-11-03,Silveira do Sul,SP,2023-06-02
159,Luiz Fernando Fogaça,Masculino,1966-08-14,Almeida,MS,2024-09-05
160,Maria Cecília Alves,Masculino,1955-04-09,da Mata de Cardoso,MT,2025-04-13
161,Ana Beatriz da Mata,Masculino,1987-01-28,Correia de Silva,DF,2025-01-19
162,Francisco da Rosa,Masculino,1975-03-23,Fogaça do Sul,RO,2025-02-17
163,Renan Moraes,Feminino,1978-01-28,Nascimento,SC,2025-01-03
164,Maria Cecília Caldeira,Masculino,1952-01-30,Ramos,DF,2023-09-07
165,Maria Eduarda Rodrigues,Masculino,1963-04-23,Viana,AM,2024-05-02
166,João Miguel Peixoto,Feminino,1981-01-04,Rocha das Flores,MA,2023-10-03
167,Laura Silva,Feminino,2006-05-10,Melo,PI,2025-01-12
168,Dr. Bernardo Lopes,Masculino,1983-10-24,Castro,MS,2023-01-09
169,Alícia Rocha,Masculino,1997-01-17,Novaes,DF,2024-04-04
170,Leandro Moura,Feminino,1954-10-17,Cardoso do Campo,MS,2023-08-18
171,Dr. João Vitor Farias,Masculino,1972-01-04,Porto de Ferreira,RO,2024-06-07
172,Thomas Silva,Feminino,1963-09-10,Viana de Araújo,RN,2023-10-09
173,Thales Campos,Feminino,1949-09-19,Almeida Paulista,PR,2024-10-12
174,Maria Luiza Sales,Masculino,1957-11-18,da Luz de Goiás,AP,2023-04-01
175,Felipe Cardoso,Masculino,1982-09-12,Ribeiro das Flores,PI,2025-07-26
176,Yago Duarte,Masculino,1951-07-19,Nascimento,PE,2023-03-26
177,Sra. Yasmin Pinto,Feminino,2002-03-25,Aragão de Gomes,MA,2023-08-09
178,Emilly Ribeiro,Feminino,1974-08-29,Azevedo Grande,AC,2024-01-10
179,Sophie Silva,Feminino,1962-03-01,Melo de Teixeira,AP,2024-07-19
180,Fernanda da Mata,Feminino,1949-11-24,Correia,TO,2023-12-31
181,Eloah Campos,Feminino,1997-11-20,Teixeira,ES,2024-11-10
182,Breno Pinto,Masculino,1965-07-26,Azevedo,AC,2024-07-23
183,Dr. Vicente Fernandes,Masculino,1979-11-07,Cardoso,RJ,2023-08-26
184,Augusto Moraes,Masculino,2006-07-16,Barros Paulista,RN,2023-09-26
185,Maria Cecília Dias,Feminino,1971-03-17,Pinto de Ferreira,AP,2024-02-29
186,Ana Sophia Cardoso,Feminino,1966-12-23,Nogueira dos Dourados,MA,2025-01-01
187,Paulo Alves,Masculino,1958-04-28,da Luz Grande,SP,2023-01-09
188,Anthony Melo,Masculino,1973-09-18,Pereira de Martins,PR,2023-03-26
189,Dra. Eduarda Araújo,Masculino,2001-10-25,Alves de da Cunha,BA,2023-06-15
190,João Lucas Rocha,Masculino,2000-11-08,da Cruz,PB,2023-04-08
191,Maria Alice Gonçalves,Feminino,1963-03-05,Rocha,SC,2024-02-24
192,Dra. Caroline Novaes,Masculino,1994-12-07,Barbosa de Jesus,MS,2023-03-22
193,Carolina da Rocha,Feminino,1951-08-02,Costa,SC,2024-03-29
194,Ian Moraes,Masculino,1982-06-18,Nunes da Serra,PR,2024-04-04
195,Dra. Ana Nunes,Feminino,1993-01-06,da Mata da Serra,RO,2025-03-24
196,Maria Julia Pires,Feminino,1950-01-26,da Costa,MA,2023-01-24
197,Juan Rodrigues,Masculino,1975-08-08,Pires do Galho,SP,2024-06-26
198,Enzo Gabriel Dias,Masculino,2005-10-12,Martins de Sales,DF,2024-07-05
199,Dra. Marina Rocha,Feminino,1967-09-04,Alves Grande,AM,2024-10-24
200,Dr. Thiago Duarte,Masculino,1994-11-10,Santos da Mata,BA,2024-01-13
201,Sra. Isabelly Pinto,Masculino,1991-02-03,Melo,AP,2025-05-02
202,Lorenzo Teixeira,Masculino,1974-04-05,Cardoso dos Dourados,ES,2024-04-04
203,Eloah Souza,Feminino,1960-06-15,Araújo,DF,2023-08-02
204,Stephany Santos,Masculino,1979-04-17,da Rosa,RR,2023-10-19
205,João Guilherme das Neves,Feminino,1975-04-10,Teixeira do Amparo,RJ,2024-03-21
206,Vitor Hugo Rezende,Feminino,2000-06-21,Cunha de Monteiro,TO,2025-07-19
207,Anthony Correia,Feminino,1981-06-06,Cardoso do Oeste,MS,2024-09-03
208,Francisco Novaes,Masculino,1958-10-08,Lopes da Serra,RO,2023-05-02
209,Arthur Rodrigues,Masculino,1993-04-15,Fernandes,MS,2023-03-03
210,Dr. Ryan Correia,Masculino,1965-11-26,Pires,MS,2022-08-06
211,Dr. Antônio Rezende,Feminino,1984-11-10,Nunes de Goiás,MA,2024-07-17
212,Luana Moreira,Masculino,1971-09-09,Gomes,AC,2023-02-19
213,Bárbara Gonçalves,Masculino,1981-02-13,Teixeira da Mata,RN,2024-04-21
214,Vitor Gabriel Melo,Masculino,1971-05-27,Pires dos Dourados,SE,2023-05-18
215,Eloah Teixeira,Feminino,2001-03-10,Castro,MT,2024-10-14
216,Lucas Carvalho,Masculino,1984-02-07,Teixeira,RR,2024-08-23
217,João Lucas Barbosa,Masculino,1956-04-08,Pinto do Amparo,PR,2022-08-12
218,Luiz Felipe Almeida,Feminino,1979-05-30,Moura,GO,2025-02-01
219,Igor Caldeira,Masculino,1964-05-01,Melo das Flores,MT,2023-03-15
220,Bryan Vieira,Feminino,1986-10-08,Alves de Goiás,AM,2023-03-30
221,Lorena Ferreira,Feminino,1953-08-18,Rocha da Prata,SP,2023-05-18
222,Enrico Alves,Masculino,1998-05-10,Jesus,PA,2024-02-14
223,Melissa Rocha,Feminino,1981-05-25,Ferreira do Amparo,RS,2024-01-14
224,Luiz Felipe Costa,Masculino,1992-06-06,Peixoto,SP,2024-02-03
225,Thomas Fogaça,Feminino,1957-07-10,Porto,BA,2025-05-17
226,Erick Caldeira,Masculino,2004-11-29,Rocha de Goiás,SP,2024-09-22
227,Diego Rocha,Feminino,1974-05-21,Cavalcanti de Goiás,GO,2024-03-01
228,Brenda da Cunha,Masculino,1972-12-23,Freitas,AM,2022-09-13
229,Enzo Gabriel Silva,Masculino,1973-11-14,Cavalcanti,MT,2024-04-18
230,Rafael Pereira,Masculino,1969-08-02,Moreira,CE,2024-04-29
231,Larissa Moura,Masculino,1996-01-05,Freitas,MT,2023-09-22
232,Emanuel Azevedo,Feminino,1976-05-07,Lopes,ES,2023-06-06
233,Srta. Clarice Duarte,Masculino,1978-01-21,Viana do Sul,TO,2023-12-21
234,Lorena Campos,Masculino,1986-04-08,Porto,AC,2023-05-26
235,Luna Silva,Masculino,1970-08-20,Martins,MT,2022-11-17
236,Elisa Ribeiro,Masculino,1998-11-06,Nascimento Verde,SC,2025-04-15
237,Sr. Kaique Costa,Feminino,1960-12-05,Novaes do Oeste,AP,2022-10-28
238,Bernardo Gonçalves,Masculino,1992-04-16,Souza,CE,2023-11-13
239,Júlia da Costa,Feminino,1969-10-08,Barbosa do Galho,DF,2024-06-17
240,Alícia Caldeira,Masculino,1956-08-24,das Neves de Castro,PA,2024-08-11
241,Emanuelly Carvalho,Feminino,2004-05-11,Gonçalves de Pereira,ES,2024-06-22
242,Theo das Neves,Feminino,1997-02-03,Cardoso,AC,2024-12-16
243,Dr. Davi Lucca Sales,Feminino,1989-05-02,Barros,TO,2025-07-18
244,Dr. Bruno Mendes,Feminino,1950-08-14,Rodrigues,AM,2024-03-21
245,Marcos Vinicius Silva,Masculino,1949-11-07,Ramos,AC,2022-10-16
246,Yago Ferreira,Feminino,2006-07-08,Nascimento,AP,2024-12-30
247,Laura Pires,Feminino,1989-12-09,Nogueira das Flores,TO,2023-05-06
248,Paulo da Paz,Feminino,1974-09-07,Dias,AP,2024-11-05
249,Diego Costela,Masculino,1978-12-17,Nogueira,CE,2024-02-12
250,Maria Julia Cardoso,Masculino,1951-12-04,da Conceição,RS,2024-10-09
251,Melissa Ramos,Masculino,1950-08-06,Lopes do Sul,RR,2023-08-24
252,Caio Barros,Feminino,1951-02-24,Cardoso,TO,2023-08-22
253,João Melo,Feminino,1949-10-11,Moreira da Prata,PE,2024-11-30
254,Marcos Vinicius Barros,Feminino,1955-08-24,da Mota,SE,2025-04-19
255,Marcela Ferreira,Feminino,2000-06-06,Azevedo de Freitas,PE,2023-08-19
256,Mirella Pereira,Masculino,1961-07-08,Silva Verde,RR,2024-03-04
257,Ian Azevedo,Feminino,1968-02-06,Almeida,AP,2024-09-22
258,Catarina Gonçalves,Masculino,1984-06-18,Cavalcanti das Pedras,RS,2023-11-14
259,Agatha Fogaça,Feminino,1979-05-08,Aragão,MA,2024-03-18
260,Marcelo Rocha,Feminino,2004-05-27,Ferreira de Silva,RN,2024-05-29
261,Levi Rezende,Feminino,1996-11-24,Costela da Mata,AC,2025-03-30
262,Nina Dias,Feminino,1993-09-18,da Luz Paulista,SE,2024-04-13
263,Pietra da Mota,Masculino,1994-12-05,Mendes da Praia,SE,2024-03-18
264,Srta. Isabella Araújo,Feminino,2000-06-24,Farias de Minas,CE,2023-07-24
265,Srta. Milena Pires,Masculino,1980-11-03,Almeida,AC,2023-12-02
266,Sr. Pedro Henrique da Mota,Feminino,2005-09-05,Costela,AP,2024-09-25
267,Ana Luiza Rezende,Masculino,1959-04-02,Moura,MS,2023-09-28
268,Breno da Costa,Feminino,1990-08-03,da Luz de Moraes,RS,2024-12-17
269,Sarah Teixeira,Masculino,1952-09-29,Lopes,MA,2025-03-05
270,Gabrielly Moura,Feminino,1964-06-01,Vieira do Amparo,PI,2023-09-02
271,Elisa Cavalcanti,Feminino,2001-03-13,Oliveira,SP,2025-03-24
272,Rafael Cardoso,Masculino,1980-02-19,Silveira,BA,2023-01-05
273,Eduardo Teixeira,Masculino,2003-09-18,Nunes,PB,2024-03-14
274,Bianca Dias,Masculino,1962-07-12,da Mota dos Dourados,RR,2022-09-06
275,Levi Farias,Masculino,1999-01-10,Cavalcanti,SC,2023-09-02
276,Dra. Isadora Santos,Feminino,1995-11-23,Alves,RN,2025-03-18
277,Isabella da Rosa,Feminino,2002-06-29,da Mata de da Conceição,MS,2024-01-08
278,Murilo Souza,Feminino,1977-07-16,Peixoto de Novaes,ES,2024-12-09
279,Ana Vitória Silva,Masculino,1992-01-14,Cardoso,RN,2022-09-16
280,Luiz Felipe Alves,Masculino,2003-07-03,Almeida do Campo,SE,2024-02-28
281,Thomas Peixoto,Feminino,1957-09-26,Pires dos Dourados,AL,2023-05-07
282,Antônio Jesus,Feminino,1957-10-20,Peixoto de Almeida,RS,2023-07-09
283,Maysa da Rosa,Masculino,1951-03-11,Silva do Norte,MG,2022-08-31
284,Pietro da Rocha,Masculino,1962-09-05,da Luz do Norte,AC,2024-12-16
285,Srta. Cecília Araújo,Feminino,1967-05-15,Lopes,MT,2023-03-07
286,Mirella Moreira,Feminino,1964-10-28,Fernandes do Campo,GO,2023-12-30
287,Marcos Vinicius Rezende,Feminino,1970-12-30,Jesus de Rodrigues,MT,2024-10-21
288,Esther Barbosa,Feminino,1974-04-19,da Costa,AP,2023-09-23
289,Dr. Rafael Porto,Feminino,1981-08-19,Moreira,SE,2023-12-20
290,Brenda Fernandes,Masculino,1987-05-30,Rocha,BA,2023-05-15
291,Olivia Moraes,Masculino,1994-06-25,Monteiro do Galho,SE,2024-10-20
292,Maria Sophia Moreira,Feminino,1963-04-10,Monteiro,SC,2024-01-21
293,Isabel da Mota,Feminino,1962-10-02,Castro,AM,2023-12-18
294,Emanuel Jesus,Masculino,2005-05-22,Monteiro,RO,2024-02-23
295,Bernardo Lima,Masculino,1953-05-31,Moreira do Campo,SP,2022-08-05
296,Miguel Fogaça,Feminino,1967-05-28,Aragão da Serra,SE,2024-11-04
297,Dr. Fernando Novaes,Masculino,1991-07-29,da Luz,SP,2023-04-07
298,Sr. Levi da Mota,Masculino,1970-03-24,da Rosa do Galho,SC,2023-09-23
299,Diogo Souza,Feminino,1972-01-02,Moreira da Mata,GO,2025-06-02
300,Lorenzo Silveira,Feminino,1989-10-08,Melo de Goiás,MS,2024-07-23
301,Davi Lucca das Neves,Feminino,1973-09-24,Barros do Campo,PI,2022-08-23
302,Otávio da Cruz,Feminino,1990-12-14,Farias,AM,2023-02-08
303,Dr. Theo Novaes,Masculino,1960-02-05,Moura,PB,2025-04-03
304,Pedro Henrique Barbosa,Masculino,1983-05-20,da Mata da Praia,PE,2024-03-23
305,Helena Melo,Feminino,1985-11-22,Pires das Flores,MA,2022-12-29
306,Ana Clara Cavalcanti,Masculino,1969-11-26,Oliveira de Goiás,RN,2024-02-19
307,Breno Costa,Feminino,1983-10-17,Rezende,CE,2024-10-06
308,Maria Clara Carvalho,Feminino,1968-01-09,Ribeiro Paulista,GO,2025-06-20
309,Ana Lívia Almeida,Feminino,1984-01-24,da Rosa,DF,2025-04-11
310,Dr. Thomas da Cruz,Feminino,1974-10-27,Silva da Praia,AC,2023-02-09
311,Pietro Araújo,Masculino,2001-01-08,Cunha da Prata,CE,2025-05-24
312,Igor Costela,Feminino,2006-04-16,Alves,PA,2024-08-11
313,Anthony Fernandes,Masculino,1958-03-31,Farias de Goiás,AP,2023-02-19
314,Vinicius da Conceição,Masculino,1955-06-02,Mendes,PI,2025-01-08
315,Eduarda Mendes,Feminino,1962-06-25,Viana,AP,2022-12-31
316,Srta. Milena Moura,Feminino,1992-11-13,Silva da Praia,RJ,2023-05-18
317,Dr. João Lucas Farias,Masculino,1958-12-18,da Paz do Norte,RJ,2024-01-22
318,Juliana Silva,Feminino,1974-08-02,Lopes do Galho,SP,2023-12-08
319,Bárbara Azevedo,Feminino,1965-04-23,Melo de da Cunha,AC,2023-01-07
320,Joaquim da Rosa,Feminino,1997-06-17,Almeida Verde,AM,2023-02-02
321,Srta. Maria Luiza Oliveira,Masculino,1962-08-03,da Conceição de Almeida,RN,2023-09-05
322,Bryan Cavalcanti,Masculino,1951-01-18,Duarte,DF,2023-10-04
323,Benjamin Viana,Masculino,1968-02-17,Viana dos Dourados,PA,2025-07-19
324,Eduarda Mendes,Feminino,1994-05-12,Costela de Goiás,PR,2023-01-07
325,João Vitor Ramos,Feminino,1963-08-17,Alves,GO,2024-03-02
326,Arthur Cavalcanti,Feminino,1997-04-05,Rocha,DF,2022-10-23
327,Esther da Rosa,Feminino,1957-08-07,Correia,RN,2024-10-10
328,Vicente Jesus,Masculino,2007-01-07,Ferreira da Serra,RS,2025-07-23
329,Alice Moreira,Masculino,1985-03-05,Nascimento,SE,2025-04-18
330,João Pedro Oliveira,Feminino,1965-07-28,Caldeira das Flores,MS,2023-07-13
331,Thales Jesus,Masculino,1993-08-12,da Conceição,MG,2024-07-30
332,Dr. Yuri Araújo,Masculino,1954-05-30,Aragão,RS,2022-09-16
333,Vitória da Conceição,Masculino,2003-01-13,Novaes,CE,2023-06-13
334,Dra. Raquel Fogaça,Masculino,1954-04-03,Santos,DF,2023-10-27
335,João Campos,Feminino,1963-01-27,Castro Paulista,DF,2025-06-07
336,Rebeca Rezende,Feminino,1985-10-19,Ribeiro,TO,2022-10-01
337,Alana Pinto,Feminino,1958-02-10,Rodrigues dos Dourados,MT,2024-03-16
338,Alexandre Peixoto,Masculino,1966-12-01,Teixeira da Serra,BA,2022-08-31
339,Maria Eduarda Cardoso,Masculino,1971-06-08,Almeida Paulista,PA,2023-10-10
340,Sophia Santos,Feminino,1968-04-21,Mendes das Pedras,PA,2023-01-04
341,Sr. Igor Fernandes,Feminino,1979-09-14,Barros,DF,2023-05-27
342,Srta. Maitê Teixeira,Masculino,1966-02-27,Moreira da Prata,MG,2024-12-16
343,Dr. Lucas Gabriel Barros,Feminino,1982-05-25,Cardoso,RN,2024-12-25
344,Clarice Correia,Feminino,1956-04-21,da Paz de Goiás,AL,2022-09-10
345,Benício Ramos,Feminino,1981-08-23,Cunha,PB,2023-04-21
346,Valentina Gomes,Feminino,1999-04-14,Barbosa,PA,2023-02-14
347,Thiago Viana,Feminino,1951-06-08,Azevedo,ES,2023-07-18
348,Maria Clara Peixoto,Feminino,2005-12-21,da Rosa,AM,2023-01-31
349,Maria Vitória Caldeira,Masculino,2004-08-03,Castro do Oeste,AL,2024-10-18
350,Anthony Monteiro,Feminino,1990-05-31,Nascimento,MS,2024-04-11
351,Joaquim Cavalcanti,Feminino,1990-07-09,Novaes,RJ,2025-03-19
352,Sr. Ian Araújo,Masculino,1968-03-13,da Paz de Fogaça,SC,2023-05-02
353,Dr. Fernando Martins,Feminino,1973-10-24,Melo,AP,2024-12-06
354,Srta. Amanda Cavalcanti,Feminino,1982-02-24,Nascimento Verde,RJ,2023-11-09
355,Luiz Gustavo Gonçalves,Masculino,1961-04-01,Aragão Grande,RS,2024-12-07
356,Vitor Hugo Jesus,Feminino,1976-01-16,Castro do Amparo,PI,2023-08-01
357,Sr. Thiago Cunha,Feminino,1994-11-11,Ribeiro Grande,AM,2024-09-18
358,Enzo Gabriel da Paz,Masculino,1983-06-01,Novaes,MA,2024-12-12
359,Alana Moura,Masculino,2007-03-30,Moreira de Minas,PR,2025-04-23
360,Sr. Diego Costela,Feminino,1968-02-29,Nogueira do Oeste,PE,2024-06-27
361,Vitor Gabriel Martins,Masculino,1949-07-31,Oliveira,BA,2025-03-01
362,Sr. Davi Lucca Azevedo,Feminino,1981-08-07,Ferreira da Prata,DF,2024-10-08
363,Juliana Santos,Masculino,1999-06-07,Rocha,PA,2025-05-10
364,Lucas da Paz,Masculino,2000-08-07,Cavalcanti,AL,2024-04-26
365,Lucas Gabriel Cunha,Masculino,1995-02-17,Melo,RR,2022-08-14
366,Ana Lívia da Rosa,Masculino,2004-04-29,Azevedo,ES,2023-08-28
367,Yasmin Carvalho,Masculino,1998-12-23,da Cruz,DF,2023-03-23
368,Marcela Correia,Masculino,1960-09-03,da Cruz das Pedras,AP,2023-05-13
369,Yasmin Alves,Feminino,1965-02-25,Monteiro das Pedras,TO,2024-01-18
370,Theo Jesus,Feminino,2001-03-09,da Cruz,PA,2023-07-07
371,Milena Campos,Feminino,1990-12-08,Peixoto,PR,2023-07-18
372,Alice Martins,Masculino,1958-01-13,Lopes,ES,2022-09-18
373,Gabrielly Azevedo,Feminino,1997-03-03,Mendes,RO,2022-08-23
374,Pedro Lucas Vieira,Masculino,1955-01-30,Barros,BA,2023-09-18
375,Diogo Cavalcanti,Feminino,1961-05-17,Lima,CE,2022-08-20
376,Marcos Vinicius Pinto,Feminino,1959-01-27,Ramos,MT,2025-03-20
377,Dr. Pedro Henrique Nogueira,Masculino,1976-09-13,Campos das Flores,ES,2024-03-06
378,Maria Fernanda Vieira,Masculino,1996-02-16,Gomes Grande,SC,2024-05-05
379,João Guilherme Cardoso,Masculino,1965-10-09,Nascimento,MG,2025-06-13
380,Srta. Natália Rocha,Feminino,1979-12-22,Farias da Praia,SC,2025-07-15
381,Vicente Carvalho,Feminino,1965-01-24,Costa,BA,2024-04-22
382,Marina Freitas,Feminino,1986-04-29,Lopes,RO,2024-10-10
383,Emanuelly Aragão,Feminino,2007-04-25,das Neves,PB,2025-07-13
384,Sr. Vitor Hugo Ramos,Masculino,1973-12-27,Dias,BA,2022-12-07
385,Cecília da Cruz,Feminino,1959-04-02,Dias,AC,2024-04-22
386,Henrique da Mata,Feminino,1972-09-20,Rocha,SE,2023-05-28
387,Lucas Vieira,Feminino,1988-01-21,Almeida do Oeste,PE,2022-08-31
388,Sr. Benício da Rocha,Feminino,1969-04-24,da Rocha,MS,2024-10-22
389,Sra. Ana Costa,Feminino,1957-01-20,Rodrigues,SC,2024-01-18
390,Caroline Rodrigues,Masculino,1992-01-09,Costa Alegre,AM,2024-10-02
391,Srta. Sofia Vieira,Masculino,1969-07-19,Mendes,RR,2024-07-17
392,Clarice da Mata,Feminino,1972-08-03,Melo,ES,2024-04-06
393,Sr. Levi Costa,Feminino,1963-02-07,Moreira,PE,2024-11-19
394,Ana Vitória Mendes,Masculino,1990-02-18,Teixeira da Prata,BA,2025-06-12
395,Srta. Clara Alves,Feminino,1955-07-12,Lopes,RS,2025-05-03
396,Sr. Enzo Costa,Feminino,1998-12-19,Santos de Ribeiro,AL,2024-12-08
397,Eduarda Vieira,Masculino,1963-08-17,Aragão,AC,2024-12-16
398,Dra. Luana Barros,Feminino,1960-09-30,Melo de Cunha,SE,2023-02-17
399,Guilherme Araújo,Feminino,1985-01-04,Peixoto,PB,2025-05-27
400,Sra. Sabrina Ramos,Feminino,1958-11-03,Araújo,RJ,2025-06-02
401,Raquel Moraes,Feminino,1955-11-16,Cunha,MG,2023-11-19
402,Caroline Caldeira,Feminino,1956-09-17,da Conceição,TO,2024-12-04
403,Sr. Yago Martins,Feminino,2004-12-13,Peixoto de Lopes,AC,2022-10-05
404,Dr. Benjamin Campos,Masculino,1973-10-30,Correia,MS,2023-02-25
405,Vitória Carvalho,Feminino,1981-07-27,Cardoso Paulista,SP,2023-05-25
406,Davi Caldeira,Feminino,1959-10-06,Barros,RJ,2024-08-07
407,Maria Fernanda Ramos,Feminino,1963-12-05,da Cunha do Amparo,ES,2023-12-25
408,Srta. Rafaela Lopes,Masculino,1977-07-09,Viana de Vieira,MG,2024-05-26
409,Srta. Isabelly Lima,Feminino,1964-10-21,Freitas do Oeste,RS,2024-05-15
410,Nicole Santos,Masculino,1964-08-06,da Costa,MA,2025-05-11
411,Mirella Souza,Feminino,2001-09-26,Rocha,PR,2023-11-09
412,Ryan Aragão,Masculino,1971-10-08,Costela,SP,2025-02-16
413,Lara Cavalcanti,Feminino,1977-04-21,da Cruz de Duarte,AC,2025-01-10
414,Dra. Sarah da Mata,Feminino,1972-09-02,Vieira,PI,2024-11-16
415,Júlia Rodrigues,Feminino,1965-08-03,Nascimento das Pedras,RN,2023-01-17
416,Maria Clara Rocha,Feminino,1981-03-26,Ramos,AC,2023-05-09
417,Levi Nogueira,Masculino,1999-04-07,Melo,RN,2025-04-15
418,Thomas Correia,Masculino,1957-05-23,Mendes do Amparo,RJ,2022-09-20
419,Srta. Julia da Mata,Feminino,1950-05-10,Correia,BA,2023-04-02
420,Noah da Cruz,Feminino,1969-02-01,Freitas,MG,2023-05-05
421,João Lucas Monteiro,Masculino,1969-03-20,Aragão da Serra,AP,2023-06-07
422,Srta. Luiza Gonçalves,Masculino,1989-04-02,Teixeira,RN,2024-08-29
423,Sr. Rodrigo Cardoso,Masculino,1953-01-03,Pinto do Amparo,AC,2023-08-02
424,Luna Caldeira,Masculino,1968-04-20,Lopes das Pedras,BA,2025-04-20
425,Cauê Oliveira,Masculino,1953-05-20,Almeida da Prata,PE,2024-05-12
426,Joana Martins,Masculino,1982-08-22,Rocha do Norte,CE,2024-02-06
427,Srta. Ana Carolina Nogueira,Masculino,1955-06-08,Peixoto de da Rosa,MT,2023-07-12
428,Valentina Gonçalves,Masculino,1983-10-24,da Cunha,ES,2024-03-25
429,Diego Correia,Masculino,2001-01-12,da Mata,PA,2024-10-03
430,Dr. Diego Pires,Feminino,2006-09-23,da Rosa,PR,2024-12-09
431,Emanuel Oliveira,Feminino,2002-11-08,Cunha Alegre,RJ,2024-06-28
432,Vitor Hugo Cunha,Feminino,1970-07-09,Fogaça do Oeste,PA,2023-12-16
433,Brenda da Rosa,Masculino,1989-11-06,Freitas das Pedras,MS,2024-02-05
434,Pietra Martins,Masculino,2006-03-05,Melo Grande,AC,2024-08-18
435,Lucas Moura,Masculino,1987-09-21,Teixeira,MS,2023-09-05
436,Luiz Gustavo da Paz,Masculino,1984-05-21,Moreira,ES,2022-09-17
437,Maria Alves,Feminino,1981-10-13,Costela,ES,2023-06-18
438,Nicolas Rezende,Feminino,1997-12-31,Cardoso da Prata,RS,2025-07-02
439,Danilo Moura,Feminino,1964-09-27,Alves da Prata,TO,2024-03-11
440,Srta. Gabriela Ramos,Masculino,1970-09-06,Jesus do Galho,DF,2024-06-13
441,Srta. Maitê Ramos,Feminino,2002-06-26,Viana,AP,2023-10-09
442,Sr. Heitor da Rosa,Feminino,1992-01-31,Santos,MT,2024-05-03
443,Kaique Novaes,Feminino,1968-02-18,Martins,PR,2024-06-17
444,Sr. Enzo Gabriel da Cruz,Masculino,2003-01-03,Moraes,MG,2022-12-30
445,Juan da Cunha,Masculino,1986-04-13,Monteiro,AM,2024-01-25
446,Ana Costela,Masculino,1970-05-31,Barros,BA,2024-12-27
447,Cecília Freitas,Masculino,1965-10-11,Freitas do Oeste,PB,2022-09-13
448,Emanuelly Santos,Masculino,2001-07-04,Correia do Amparo,MT,2025-04-12
449,Alexandre Nogueira,Feminino,1983-10-24,das Neves das Flores,SP,2022-11-25
450,Dr. Gabriel Nunes,Masculino,1995-11-09,Nunes,PB,2022-11-10
451,Sarah Nunes,Masculino,1980-04-28,Santos do Campo,AM,2024-06-05
452,Rodrigo Pereira,Feminino,1973-11-12,da Costa,MT,2023-09-17
453,Mariane Martins,Feminino,1977-12-08,da Costa dos Dourados,RN,2023-11-05
454,Laís Barbosa,Masculino,1967-08-16,Monteiro,AL,2025-06-08
455,Kevin Rodrigues,Feminino,1972-03-16,Pereira,PI,2025-05-08
456,Dra. Larissa Cardoso,Masculino,1954-06-23,Gomes,SP,2024-09-09
457,Davi Ferreira,Masculino,1963-12-27,Pinto,MG,2025-01-17
458,Levi Correia,Feminino,1962-02-13,Cavalcanti das Flores,SP,2023-10-10
459,Miguel Jesus,Masculino,1985-02-02,Santos do Norte,RO,2025-06-28
460,Marcela Cardoso,Feminino,1957-12-30,Fogaça do Campo,MA,2025-03-17
461,Diego Rodrigues,Feminino,2004-09-20,Nunes das Pedras,RJ,2024-08-10
462,Marina Pires,Feminino,2000-11-19,Lopes de Martins,AM,2024-08-02
463,João Guilherme Duarte,Feminino,2004-06-23,Novaes da Praia,CE,2023-02-16
464,Dr. Nicolas Gonçalves,Masculino,1976-12-12,Duarte dos Dourados,RJ,2023-04-13
465,Bárbara Araújo,Feminino,2006-04-07,Pereira,BA,2023-04-26
466,Anthony da Cunha,Feminino,2003-09-02,Rezende,AM,2023-06-07
467,Dra. Ana Carolina Silva,Masculino,2000-10-27,Rezende do Galho,ES,2022-11-08
468,Sarah Campos,Masculino,1996-08-18,Peixoto Alegre,MA,2023-01-13
469,Bryan Pinto,Feminino,1966-01-16,Nunes,PI,2023-10-23
470,Paulo Carvalho,Masculino,2002-10-31,Mendes do Campo,AM,2022-10-02
471,Bryan Dias,Feminino,1967-03-25,Pereira do Norte,RJ,2024-12-24
472,Ian Fogaça,Feminino,1968-03-02,Gomes,PI,2024-06-05
473,Srta. Agatha Pires,Masculino,1987-11-29,Araújo de Moura,RO,2025-06-05
474,Dr. João Miguel da Luz,Masculino,1964-12-10,Duarte Alegre,PI,2024-09-09
475,Stephany da Conceição,Feminino,1984-06-16,Nunes,AP,2024-07-29
476,Srta. Ana Beatriz Martins,Feminino,1978-01-27,da Conceição da Praia,PB,2024-08-12
477,Emilly Fogaça,Masculino,1960-12-03,Ribeiro,PI,2024-11-08
478,Cecília Freitas,Masculino,1993-09-19,Sales da Serra,SE,2022-10-24
479,Maitê da Luz,Feminino,1951-10-11,Dias do Norte,RS,2023-01-09
480,Sophie Pinto,Feminino,1964-10-26,Azevedo,RS,2022-12-10
481,Yasmin Costa,Feminino,1990-08-08,da Luz de das Neves,CE,2024-09-26
482,Luiz Gustavo Monteiro,Masculino,1998-10-03,Moura,MG,2025-07-16
483,João Correia,Feminino,1973-07-20,Ramos,AL,2022-09-12
484,Emanuella da Rosa,Masculino,1955-09-15,Dias Verde,PE,2022-08-19
485,Arthur Nunes,Masculino,1988-07-03,da Cruz,MS,2024-10-27
486,Nicolas Mendes,Masculino,1959-05-28,da Mota de Cardoso,AL,2022-08-09
487,Gustavo Henrique Nogueira,Feminino,1994-08-24,Lopes de Pereira,BA,2023-12-22
488,Benício Duarte,Feminino,1996-01-17,Souza,PE,2024-06-11
489,Dr. Yago Nogueira,Masculino,1971-03-04,Ferreira,ES,2024-09-10
490,Eduardo da Mota,Masculino,1995-07-17,Gomes de Lima,RJ,2024-09-04
491,Ana Laura Gonçalves,Feminino,1969-05-11,Caldeira,RJ,2022-11-25
492,Francisco Sales,Feminino,1959-02-17,Porto da Serra,PA,2023-07-20
493,Lucca Ferreira,Masculino,1984-06-29,Pires,MS,2023-01-23
494,Dra. Manuela da Cunha,Feminino,1954-05-11,Cavalcanti de Monteiro,SE,2023-04-05
495,Milena Moura,Feminino,1997-03-26,Fernandes,ES,2023-07-15
496,Fernando Fernandes,Feminino,1968-02-23,Martins Alegre,MA,2024-02-29
497,Sr. Luigi Moraes,Feminino,1959-10-20,Fernandes,PB,2025-03-04
498,Emanuel Fogaça,Masculino,1970-06-13,Moura da Serra,PE,2024-09-27
499,Kamilly Campos,Feminino,1989-08-17,Novaes,MG,2025-03-08
500,Bruna Melo,Feminino,2002-03-30,Freitas,ES,2023-11-04
501,Davi Lucca Ribeiro,Masculino,1959-09-20,Gonçalves,RN,2023-01-05
502,Leandro Azevedo,Masculino,2003-04-16,Moura das Flores,AM,2023-06-03
503,Francisco da Costa,Masculino,1972-12-08,Pinto,DF,2023-09-06
504,Arthur Silveira,Feminino,1988-06-24,Ribeiro,AL,2023-04-10
505,Levi Rezende,Feminino,1959-05-06,Pinto Grande,PB,2023-10-07
506,Davi Lucas Vieira,Masculino,1980-07-16,Cardoso Alegre,AM,2023-07-15
507,Fernando Monteiro,Feminino,2001-06-20,Novaes,SC,2023-11-07
508,Vitor Nascimento,Feminino,1959-09-28,Jesus,RS,2022-10-14
509,Dra. Joana Souza,Masculino,1987-07-03,Peixoto da Praia,RO,2024-06-30
510,Isis Rocha,Feminino,1978-07-12,Azevedo,CE,2025-03-18
511,Alexandre Pereira,Feminino,1954-09-27,Souza da Prata,MG,2025-06-07
512,Vitória Rodrigues,Masculino,1996-02-16,Cardoso,AC,2023-08-16
513,Pedro Miguel da Costa,Masculino,1953-09-12,Cunha,ES,2024-11-02
514,Srta. Maria Eduarda Azevedo,Masculino,1954-10-17,da Cunha do Galho,CE,2023-08-23
515,Sr. Rodrigo Carvalho,Feminino,1997-01-04,Gomes,TO,2025-02-21
516,Davi Pires,Masculino,1965-08-05,da Cunha,GO,2025-07-24
517,Ana Júlia Cunha,Feminino,1996-04-15,Vieira,MS,2022-09-15
518,João Lucas Jesus,Feminino,1995-06-26,Nascimento,RO,2024-02-18
519,Evelyn Almeida,Feminino,1980-09-07,Costela,SP,2024-08-02
520,Dra. Maria Luiza Barbosa,Feminino,1952-07-14,Lima de Minas,PR,2023-04-15
521,Isabelly Vieira,Masculino,2000-04-26,Lopes,SC,2024-11-16
522,Manuela Pires,Masculino,1973-05-18,Almeida,AP,2023-03-23
523,Dr. Diego Souza,Masculino,1962-10-10,Oliveira Verde,SE,2022-12-07
524,João Miguel Jesus,Feminino,1997-10-13,Campos,SP,2024-03-25
525,Elisa Pinto,Feminino,1995-12-02,Silva da Mata,TO,2025-05-22
526,Augusto Monteiro,Masculino,1998-05-11,Correia,GO,2024-09-24
527,Bruno da Costa,Masculino,1976-05-20,Fernandes,RR,2024-06-14
528,João Lucas Melo,Masculino,1990-07-12,Gomes,AP,2024-07-29
529,Ryan Caldeira,Masculino,1974-09-05,da Paz da Mata,BA,2023-11-14
530,Diego Caldeira,Masculino,1998-03-16,Ferreira de Minas,SC,2022-12-20
531,Caroline Nogueira,Masculino,1966-04-21,da Cruz das Flores,BA,2022-09-08
532,Mariana Castro,Feminino,1965-08-17,Azevedo de Goiás,RR,2024-12-08
533,João Lucas Nunes,Feminino,1977-07-07,da Costa do Norte,SP,2024-04-08
534,Marcela Carvalho,Masculino,2005-07-30,Moraes,MA,2024-08-10
535,Antônio Lima,Masculino,1991-09-25,Pires,PE,2024-05-23
536,Brenda Nogueira,Feminino,1987-07-03,Aragão da Serra,AL,2024-08-29
537,Dra. Manuela da Luz,Masculino,1967-09-04,Cardoso Grande,SC,2023-10-07
538,Clara Melo,Feminino,1964-01-05,Ferreira,BA,2025-01-17
539,Pedro Henrique Porto,Masculino,1961-07-21,Castro,RR,2023-08-22
540,Srta. Catarina Nunes,Feminino,1956-06-10,da Cruz Grande,SC,2023-01-11
541,Pedro Henrique Jesus,Masculino,1980-10-31,Nogueira,ES,2025-06-23
542,Henrique Teixeira,Feminino,1996-12-10,Santos Paulista,MS,2023-10-16
543,Bruna Rodrigues,Feminino,1958-08-16,Monteiro do Sul,PR,2023-11-05
544,Dr. Isaac Correia,Masculino,1959-06-19,Costa,MT,2022-12-31
545,Cauã Fogaça,Feminino,1970-02-21,Melo,TO,2024-06-13
546,Yago Jesus,Feminino,1980-10-13,Aragão de Viana,SE,2022-10-04
547,Sr. Pedro Miguel Sales,Masculino,1952-06-22,Barros,MS,2024-09-13
548,Sr. João Pedro Ramos,Feminino,1958-11-05,Cardoso do Oeste,RO,2023-05-29
549,Gabriela Peixoto,Feminino,1975-03-15,Rezende,AC,2024-03-01
550,Rafaela Cardoso,Masculino,1956-06-26,Nogueira Alegre,PE,2024-02-08
551,Enzo Gabriel Souza,Masculino,1958-04-02,da Paz Verde,AL,2024-12-09
552,Alexandre Ferreira,Masculino,1950-01-10,Jesus,SP,2023-07-04
553,Davi da Rocha,Masculino,1978-04-20,Souza de Sales,MA,2022-08-18
554,Sr. João Lucas Melo,Feminino,1959-12-24,Martins,MA,2024-05-12
555,Sr. Lucas da Paz,Feminino,1994-03-16,Nogueira,RJ,2023-09-10
556,Manuela Moura,Masculino,1950-03-27,Pires,SC,2024-11-18
557,Ian da Cruz,Masculino,2005-11-04,Jesus de Nogueira,SP,2022-11-23
558,Maysa Costela,Masculino,1987-04-11,Ramos do Sul,SE,2023-11-24
559,Fernando Ribeiro,Feminino,1960-05-31,Ferreira,AM,2025-07-02
560,Alana da Rocha,Masculino,1977-03-08,Porto Paulista,MT,2022-08-20
561,Alexandre Pires,Feminino,1982-08-29,Dias da Serra,AM,2024-11-07
562,Luiz Henrique da Cruz,Feminino,1950-10-16,Ferreira,AC,2024-05-10
563,Srta. Ana Vitória Peixoto,Masculino,1991-05-16,das Neves,AC,2023-12-14
564,Calebe Cunha,Masculino,1985-01-30,Duarte do Campo,AM,2023-12-29
565,Thales Azevedo,Feminino,1974-08-29,Rocha das Flores,PE,2024-03-12
566,Elisa Duarte,Feminino,2007-03-21,Novaes,BA,2024-10-10
567,Clarice Nunes,Feminino,1966-03-06,Moura do Campo,MG,2023-07-01
568,Dr. Kaique da Rocha,Feminino,1965-09-20,da Mata,RR,2024-09-03
569,Nina Nascimento,Feminino,1950-04-04,Vieira do Galho,ES,2024-09-23
570,Vinicius Cardoso,Feminino,1990-11-28,Silveira de Ribeiro,AM,2024-03-25
571,Isabella Ramos,Masculino,1975-12-25,Aragão,MT,2023-12-24
572,Pietro Costela,Masculino,1984-07-23,Peixoto,RN,2023-02-05
573,Alana Costa,Feminino,1998-01-28,Teixeira,SC,2024-10-24
574,Davi Lucas Cavalcanti,Masculino,1954-09-06,Cardoso do Norte,MS,2022-08-31
575,Maria Cecília Castro,Masculino,1977-03-27,Lopes,PI,2022-09-22
576,Sra. Agatha Vieira,Feminino,1992-02-23,da Conceição,BA,2024-03-26
577,Maria Clara Rezende,Masculino,1976-12-10,da Mata do Campo,RO,2024-02-01
578,Renan Aragão,Masculino,2006-10-10,da Rosa do Amparo,CE,2022-10-14
579,Stella Silveira,Masculino,1950-08-30,Sales de Cunha,BA,2023-08-15
580,Maysa Azevedo,Masculino,1994-08-09,da Mata de Azevedo,BA,2024-10-08
581,Ana Laura da Rocha,Feminino,1976-06-22,da Mata de da Rocha,AC,2022-11-12
582,Lucas Gabriel Costela,Feminino,1956-10-04,Oliveira dos Dourados,PR,2024-06-02
583,Olivia Nunes,Feminino,1965-12-23,Porto,AP,2023-09-01
584,Rafael Costa,Feminino,1973-10-05,Monteiro,RS,2024-11-12
585,Olivia Silveira,Masculino,1961-04-07,Porto do Sul,GO,2023-06-19
586,Thales Castro,Masculino,1960-12-20,Barbosa de Fogaça,CE,2023-03-03
587,Luiz Otávio Gomes,Feminino,1986-07-18,Costela Paulista,MT,2025-04-18
588,Júlia Nunes,Feminino,2005-09-06,Nunes,AC,2024-03-26
589,Ana Júlia Barbosa,Masculino,1959-11-29,Vieira,AM,2023-09-06
590,Srta. Esther Duarte,Feminino,1966-10-29,Costa do Galho,GO,2024-06-20
591,Amanda Alves,Masculino,1955-04-10,Souza da Prata,GO,2024-01-30
592,Alice Aragão,Masculino,1950-11-23,Peixoto de Rocha,RJ,2024-12-15
593,Luiz Otávio Pinto,Masculino,1949-12-08,da Rosa,PE,2025-06-24
594,Gabriel Viana,Feminino,1981-11-07,Monteiro Paulista,PB,2024-02-19
595,Luiz Fernando da Costa,Masculino,2006-05-24,Barbosa,MS,2022-11-04
596,Sra. Catarina da Cruz,Masculino,1982-08-27,da Cruz,MG,2022-09-21
597,Gustavo Henrique Pinto,Masculino,1993-01-27,Cardoso,AL,2024-10-30
598,Carlos Eduardo Pereira,Masculino,1983-12-16,Monteiro,MG,2025-01-05
599,Ana Laura Monteiro,Masculino,1964-05-22,Peixoto do Amparo,PR,2023-11-21
600,Sophie Carvalho,Masculino,1965-02-24,Viana,SC,2023-11-30
601,Isabelly da Paz,Feminino,1975-10-03,da Mata,PR,2023-02-25
602,Renan Gonçalves,Masculino,1977-03-26,Costela,PA,2024-05-19
603,Srta. Cecília Araújo,Masculino,1956-10-12,Vieira da Serra,PI,2025-05-25
604,Cauã Cavalcanti,Masculino,1992-05-01,Moreira,AM,2025-05-17
605,Julia Costela,Feminino,1996-09-15,Sales,RR,2023-08-28
606,Sra. Brenda da Costa,Feminino,1987-05-13,Teixeira,SP,2025-07-21
607,Helena Caldeira,Masculino,1963-12-17,Ribeiro do Norte,DF,2023-11-06
608,Joaquim Barbosa,Masculino,1960-07-03,da Rosa,RJ,2023-03-25
609,Renan Alves,Masculino,1965-03-31,Ribeiro Grande,RN,2024-12-26
610,Marina da Conceição,Masculino,1969-11-17,Melo,RN,2024-09-25
611,Ana Clara Nunes,Feminino,1966-06-29,Cavalcanti,CE,2024-03-31
612,Ana Carolina Lopes,Masculino,1990-12-21,Barros Paulista,AL,2024-08-12
613,Marcos Vinicius da Mata,Feminino,1989-01-26,Campos,TO,2022-08-08
614,Dr. Lucas Gabriel Cardoso,Feminino,1983-04-18,Silva das Flores,GO,2023-03-23
615,Felipe Jesus,Masculino,1994-09-03,Melo,PI,2024-01-06
616,Ana Laura Mendes,Feminino,2006-03-28,da Rosa de da Cruz,SE,2024-09-30
617,Isis Freitas,Masculino,1969-01-12,Silveira de Rocha,CE,2022-12-09
618,Thiago da Cunha,Masculino,1994-03-14,Barros,PE,2025-01-19
619,Emilly Almeida,Feminino,1967-09-25,Ramos,RS,2024-02-19
620,Juliana Alves,Feminino,1979-01-19,da Mata do Oeste,PR,2022-08-16
621,Nathan Caldeira,Feminino,1965-04-18,Pinto de Minas,PI,2023-01-13
622,Ana Nascimento,Masculino,1962-06-06,Moreira de Goiás,RS,2024-05-15
623,Otávio Dias,Masculino,1977-02-04,Nascimento de Sales,PR,2024-02-12
624,Maitê da Rosa,Feminino,1965-03-22,Castro das Pedras,GO,2023-07-21
625,Lucas Gabriel Freitas,Feminino,1958-12-12,Ribeiro de Minas,PI,2022-11-22
626,Sra. Isabella Cavalcanti,Masculino,1997-11-19,Lopes,PE,2024-01-28
627,Ana Clara Duarte,Feminino,1984-04-27,Barros,ES,2022-12-24
628,Isis Moura,Feminino,1960-03-23,Jesus do Amparo,CE,2024-07-19
629,Maria Vitória da Paz,Feminino,1968-02-25,Almeida,GO,2025-07-22
630,Sr. Yuri da Mota,Feminino,1966-12-21,da Mata de Minas,PR,2025-02-21
631,Sra. Clara Cavalcanti,Feminino,1964-12-02,Barros dos Dourados,AC,2023-07-21
632,Otávio Lima,Masculino,2002-04-21,Barros,SE,2022-12-11
633,Bárbara Lima,Feminino,1978-12-30,Gonçalves de Araújo,BA,2025-07-15
634,Elisa Lima,Feminino,1967-11-17,Monteiro,PE,2023-06-08
635,Sr. Daniel Peixoto,Masculino,1996-07-28,Ribeiro,PE,2022-12-14
636,Stella Oliveira,Feminino,1983-04-16,Jesus do Oeste,PI,2022-09-12
637,Nathan Carvalho,Masculino,1955-04-20,Teixeira,PA,2022-09-18
638,Brenda Moura,Masculino,1994-08-27,Porto,PE,2023-04-02
639,Ana Sophia Oliveira,Feminino,1957-02-17,Ribeiro,DF,2023-07-26
640,Ana Júlia Martins,Masculino,1972-01-08,Farias,DF,2023-08-20
641,Maria Cecília Vieira,Feminino,1990-05-17,Cardoso,DF,2025-07-10
642,Emanuel Barros,Masculino,2007-03-10,Alves do Campo,PR,2022-09-27
643,Sra. Clarice da Luz,Feminino,2005-06-15,Fernandes de Almeida,PE,2023-11-10
644,Bianca Araújo,Feminino,1983-05-29,Moura das Flores,RS,2023-12-20
645,Henrique Azevedo,Masculino,1967-01-04,Fogaça,AL,2024-11-09
646,Sr. Luiz Gustavo Nascimento,Feminino,1953-08-24,Nogueira do Campo,BA,2024-11-03
647,Gustavo Henrique Nunes,Masculino,1971-08-12,Monteiro de Moreira,MT,2023-06-16
648,Luiz Henrique Jesus,Feminino,1954-06-27,Fernandes,ES,2024-02-08
649,André da Paz,Masculino,2003-11-17,Ferreira,RN,2023-06-11
650,Isabella da Luz,Feminino,1999-01-20,Ramos,RJ,2024-06-20
651,Breno Porto,Masculino,1976-12-16,Viana do Oeste,AL,2023-06-06
652,Alana da Rosa,Feminino,1972-05-15,Araújo da Praia,BA,2024-03-31
653,Srta. Beatriz Nunes,Feminino,2000-07-02,Campos,DF,2023-11-16
654,Dr. Luiz Felipe Silva,Masculino,1992-01-30,da Rosa,DF,2023-07-12
655,Levi Gomes,Masculino,1986-02-10,Cavalcanti,AP,2023-09-02
656,Sr. Pedro Miguel Silveira,Masculino,1998-11-09,Carvalho de Minas,AM,2023-02-18
657,Srta. Maria Sophia Moura,Feminino,1974-11-23,da Costa,RS,2023-08-02
658,Isabella Pires,Feminino,1983-07-01,Barros,AC,2024-12-02
659,Sophia Novaes,Masculino,1971-02-14,Melo da Mata,SC,2022-12-08
660,Enrico Aragão,Masculino,1979-10-11,Lopes Alegre,ES,2023-07-23
661,Davi Lucas Araújo,Masculino,1968-04-20,Campos das Flores,ES,2024-06-17
662,Sarah Vieira,Masculino,1977-12-23,Silveira da Serra,PB,2023-04-24
663,Guilherme Lima,Feminino,1981-07-10,Pinto,SC,2023-06-13
664,Yago Rodrigues,Masculino,1980-08-01,Nogueira do Campo,CE,2024-01-26
665,André Oliveira,Feminino,1960-04-12,Rodrigues,TO,2024-01-20
666,Camila Lopes,Feminino,1955-02-04,da Rocha,SP,2023-06-27
667,Maria Clara Jesus,Masculino,1955-02-02,Rocha do Sul,AM,2024-09-12
668,Clarice Vieira,Masculino,1991-05-08,Rodrigues,PR,2024-08-12
669,Dra. Helena Moura,Masculino,1971-03-15,da Costa de Goiás,DF,2025-01-27
670,Melissa Cardoso,Masculino,1988-11-21,Vieira do Norte,TO,2024-02-05
671,Maria Alice Sales,Feminino,1974-04-29,das Neves,AP,2023-04-27
672,Caroline Mendes,Masculino,1996-10-27,da Mota,DF,2024-07-17
673,Isabelly das Neves,Masculino,1996-10-24,Fogaça Alegre,ES,2023-04-25
674,Agatha Rodrigues,Feminino,1981-01-03,Melo do Norte,GO,2023-01-07
675,Catarina Moura,Masculino,1990-10-04,Melo da Serra,PR,2025-03-20
676,Sr. Luigi da Cunha,Feminino,1969-03-20,Nogueira de da Rocha,RN,2024-02-27
677,Isabelly Barros,Feminino,1978-12-04,da Cunha de Rezende,PA,2023-04-08
678,Leonardo Peixoto,Feminino,1973-09-13,Caldeira das Pedras,AC,2024-12-06
679,Paulo Costela,Feminino,1968-08-20,Nunes,DF,2024-10-10
680,Sophia da Conceição,Feminino,2006-09-30,Gonçalves,SC,2023-06-28
681,Maria Vitória Alves,Feminino,1974-01-10,Rocha,RS,2024-08-29
682,Ana Carolina da Cruz,Feminino,1982-05-21,Nogueira,AM,2022-10-30
683,Dr. Luiz Felipe Jesus,Feminino,2006-12-14,Rocha,RJ,2022-11-12
684,Heloísa Lima,Feminino,1954-07-06,Caldeira,AC,2023-02-19
685,Rebeca Costela,Feminino,1996-02-13,da Mota do Campo,RJ,2022-12-10
686,Arthur Duarte,Masculino,1960-11-11,Ferreira do Campo,PI,2024-08-08
687,Davi Luiz Teixeira,Feminino,1964-05-22,da Costa da Prata,SC,2024-06-09
688,Vinicius da Paz,Feminino,1976-01-09,Novaes,RS,2024-11-07
689,Yuri Barros,Masculino,1953-08-01,Barbosa da Serra,MT,2024-04-28
690,Gustavo Henrique Costa,Feminino,1973-12-06,Nogueira,RN,2024-05-12
691,Sophie Dias,Feminino,1964-09-25,Pereira do Amparo,SC,2024-03-27
692,Antônio Silva,Feminino,1972-04-16,Ramos,MT,2023-02-24
693,Isabel Campos,Masculino,1995-05-23,Lima,ES,2024-08-07
694,Antônio da Mata,Masculino,1976-12-11,Rodrigues de Martins,AP,2024-05-22
695,Alícia das Neves,Masculino,1986-12-08,Dias,DF,2024-01-15
696,Emanuel Dias,Masculino,1974-12-25,Dias,GO,2022-08-28
697,Gustavo Nascimento,Feminino,1985-09-05,Duarte Grande,PB,2025-03-08
698,Bianca Nogueira,Feminino,1954-06-12,Pires de Minas,RS,2023-05-30
699,Daniela Oliveira,Feminino,1991-03-15,Silveira Alegre,DF,2022-12-10
700,Luiz Gustavo Rezende,Masculino,1951-04-11,Azevedo de Costela,PI,2022-09-19
701,Laís da Mata,Masculino,1983-04-08,Mendes do Galho,RO,2025-02-17
702,Sra. Carolina da Cruz,Feminino,1964-03-14,da Cunha,AC,2023-10-29
703,Dr. Gustavo Henrique Moura,Masculino,1999-03-12,da Paz,BA,2022-12-11
704,Júlia Freitas,Feminino,2000-09-03,Cunha,MG,2024-11-19
705,Enzo Gabriel da Paz,Masculino,2004-05-16,Silva,AM,2022-11-19
706,Dra. Julia Nunes,Feminino,1973-08-23,da Cunha,PR,2023-04-09
707,Benjamin Viana,Feminino,2007-06-14,Monteiro,PB,2024-11-23
708,Dr. Joaquim Rodrigues,Feminino,1976-10-12,Carvalho,MS,2022-12-05
709,Eduardo Alves,Feminino,1977-01-04,Alves de Fernandes,SE,2022-08-12
710,Raquel Gomes,Feminino,1996-03-28,Aragão de Goiás,SE,2024-12-25
711,André Dias,Feminino,1950-11-08,Cavalcanti,MA,2022-08-01
712,Letícia das Neves,Masculino,1996-08-15,Lima do Campo,MA,2025-02-25
713,Caio Silveira,Feminino,1987-02-17,Fernandes do Campo,PB,2023-02-18
714,Benício Ferreira,Masculino,1972-04-15,Teixeira,AP,2023-05-07
715,Dr. Vinicius Nogueira,Masculino,1999-12-21,da Mota,AC,2023-08-22
716,Lorena Duarte,Feminino,1975-05-05,Ferreira,AP,2024-08-18
717,Brenda Almeida,Masculino,1960-01-30,Lopes de Santos,SE,2025-01-29
718,Sr. João Gabriel Fogaça,Masculino,1983-04-21,Mendes Paulista,RO,2023-03-02
719,Srta. Luna Ferreira,Masculino,1994-05-27,Castro das Pedras,SE,2023-06-10
720,Isaac Rezende,Masculino,1952-02-29,Mendes,MG,2025-01-18
721,Dr. João Miguel Nogueira,Masculino,2002-12-18,Pinto,RS,2022-10-16
722,Heloísa Monteiro,Masculino,1993-11-05,Moura Paulista,TO,2024-11-14
723,Arthur Pires,Feminino,1998-06-15,Freitas de Cardoso,AP,2025-05-27
724,Sra. Ana Júlia Costa,Masculino,1986-01-04,Monteiro,AP,2023-03-29
725,Lívia Cardoso,Masculino,1985-10-10,da Conceição da Praia,MT,2023-08-18
726,Luiz Fernando Gomes,Masculino,1985-09-27,Carvalho de Goiás,PI,2024-08-11
727,Evelyn da Luz,Masculino,1992-01-08,Martins da Prata,DF,2025-05-15
728,Dr. Francisco Sales,Masculino,1991-03-30,das Neves das Pedras,MG,2024-07-29
729,Daniel Pereira,Masculino,1962-07-16,Carvalho,MG,2022-09-28
730,Thomas Pinto,Feminino,1985-03-17,Costa do Oeste,AP,2024-07-24
731,Sra. Bruna Alves,Feminino,1986-11-21,Moreira do Galho,MA,2023-09-24
732,Calebe Cunha,Masculino,1961-07-27,Gomes de Minas,RJ,2023-09-11
733,Srta. Luiza Almeida,Feminino,1991-10-26,da Cruz,AC,2025-05-12
734,Davi Fogaça,Feminino,2004-08-15,Alves de Goiás,SE,2023-08-16
735,Raquel Ramos,Masculino,1988-09-25,Mendes,CE,2024-08-23
736,Esther Costa,Masculino,2002-03-02,Rocha de Goiás,SP,2023-01-26
737,Ana Clara Rocha,Feminino,1959-12-16,Moraes,TO,2025-06-15
738,Felipe Oliveira,Masculino,1961-08-17,Nunes,PE,2025-03-25
739,Juan Sales,Masculino,1956-01-26,Ramos,MT,2022-11-29
740,Vicente Alves,Feminino,1999-03-25,Gomes do Oeste,AC,2024-07-23
741,Esther Nunes,Feminino,1973-09-17,Azevedo,RJ,2022-12-10
742,Fernando Oliveira,Masculino,1956-09-06,Alves dos Dourados,RJ,2025-03-15
743,Joaquim da Mata,Feminino,1968-02-19,Nogueira,TO,2023-11-13
744,Ana Julia Freitas,Masculino,1982-06-07,Pires do Sul,SE,2025-06-22
745,Samuel Porto,Masculino,1969-07-12,Farias,RS,2023-11-12
746,Nicole Cavalcanti,Masculino,1960-05-02,Lopes de Goiás,PB,2025-05-22
747,Dra. Gabrielly Lopes,Masculino,1994-10-19,Silveira,RR,2023-05-11
748,Srta. Maria Fernanda Barros,Masculino,1971-07-18,Costela,CE,2025-07-04
749,Sra. Luiza Gomes,Masculino,1992-02-10,Freitas do Amparo,RR,2024-08-17
750,Danilo da Costa,Feminino,1977-09-28,Viana Verde,CE,2023-03-23
751,Davi Lucca Mendes,Feminino,1976-06-23,Santos dos Dourados,RO,2023-02-19
752,Srta. Alícia Moreira,Feminino,1976-10-03,da Conceição do Norte,SC,2024-02-01
753,Alice Souza,Feminino,1975-01-02,Almeida,GO,2023-01-31
754,Pedro Souza,Masculino,1985-07-30,Carvalho,RJ,2023-02-11
755,Srta. Ana Sophia Rodrigues,Feminino,1968-09-26,Freitas,PR,2023-05-28
756,Srta. Emilly Moraes,Feminino,1962-03-08,Carvalho dos Dourados,SE,2024-04-28
757,Ana Laura Pereira,Feminino,1978-10-07,Duarte de da Mata,BA,2023-04-14
758,Sophia da Luz,Masculino,1950-10-18,da Luz,RO,2024-10-15
759,Kaique Correia,Masculino,2007-04-16,da Cruz de Freitas,ES,2023-10-29
760,Gabriela Pinto,Feminino,1954-03-02,Novaes do Campo,SE,2022-08-19
761,Joaquim da Costa,Masculino,1967-04-07,Viana,AP,2024-03-23
762,Sra. Emanuelly Azevedo,Masculino,1964-08-13,Gonçalves,SC,2024-12-30
763,Lucca Duarte,Masculino,1962-07-15,Pires Paulista,CE,2025-05-14
764,Sr. Calebe Caldeira,Feminino,1961-02-22,Carvalho de Ribeiro,AM,2024-12-24
765,Pietra Caldeira,Feminino,1995-08-27,Farias,MT,2024-11-24
766,Enzo Gabriel Alves,Feminino,1988-05-12,da Mota do Amparo,GO,2025-03-31
767,Alice Vieira,Feminino,1970-09-12,da Rosa Alegre,AL,2023-03-01
768,Srta. Catarina Lima,Masculino,2005-07-08,Dias,AM,2023-01-13
769,Dr. João Felipe Lima,Masculino,1959-04-21,Alves do Norte,RR,2025-03-09
770,Pedro Castro,Masculino,1978-08-24,Vieira,SC,2025-06-17
771,Amanda Ferreira,Masculino,1964-11-21,Lima,SP,2025-03-12
772,Luiz Henrique Ribeiro,Feminino,1977-11-23,Alves das Pedras,AC,2022-09-23
773,Otávio Rocha,Feminino,1965-04-05,da Conceição da Praia,PA,2025-07-18
774,Clarice da Mota,Feminino,1961-11-21,Martins do Campo,GO,2022-11-12
775,Maria Sophia Correia,Masculino,1957-07-13,Sales de Peixoto,DF,2024-01-16
776,Ana Vitória Costela,Masculino,1960-02-12,Teixeira do Galho,BA,2024-02-16
777,Sra. Eduarda Vieira,Masculino,1972-07-09,Castro,ES,2023-06-03
778,Maria Luiza Ribeiro,Masculino,1987-06-14,Farias,BA,2025-02-26
779,Isabelly Fogaça,Feminino,1973-05-29,Sales,MS,2023-06-26
780,Júlia Rezende,Feminino,1962-01-03,Rocha,GO,2023-10-24
781,Dra. Ana Júlia Rezende,Masculino,1987-04-04,Barbosa da Serra,MG,2022-09-26
782,Pietra da Luz,Masculino,1964-01-15,Moreira do Campo,PB,2024-02-15
783,Sr. Danilo Barbosa,Feminino,1984-04-22,Ramos,RR,2022-10-21
784,Emilly Campos,Masculino,1961-06-30,Alves,AC,2024-09-24
785,Srta. Maitê da Costa,Masculino,1954-12-18,Porto dos Dourados,SC,2024-01-13
786,Cauã Pereira,Feminino,1998-09-16,Novaes da Prata,AM,2025-06-21
787,Dr. João Miguel Souza,Masculino,1991-02-26,Gomes do Oeste,RJ,2025-06-28
788,Srta. Bárbara Vieira,Masculino,1975-01-10,Martins,AL,2023-12-21
789,Sarah Almeida,Masculino,1973-04-02,Moraes da Serra,GO,2025-05-24
790,Sr. Kevin Campos,Feminino,2003-05-19,Gomes de Minas,PE,2022-11-03
791,Otávio Peixoto,Masculino,1993-06-04,da Cunha Alegre,RO,2025-02-25
792,João Lucas Jesus,Feminino,1991-12-10,Monteiro,AC,2024-06-09
793,Maria Eduarda Caldeira,Masculino,1994-05-16,Costa do Sul,PB,2024-04-04
794,Dra. Carolina da Cunha,Masculino,1984-01-19,Vieira da Prata,RJ,2025-04-01
795,Luiz Gustavo da Mata,Feminino,1955-05-30,Caldeira,MA,2023-08-25
796,Rafael Barros,Feminino,1981-11-27,Rocha de Pinto,AM,2022-09-29
797,Davi Lucas Moreira,Feminino,1984-11-01,Gomes,TO,2022-10-20
798,Emilly Campos,Masculino,1959-10-13,Moreira,PB,2025-05-06
799,Erick Nogueira,Masculino,1953-03-23,Silva,AP,2023-07-01
800,Diego Novaes,Feminino,1966-05-16,Costela,RS,2024-09-18
801,Yago Mendes,Masculino,1977-11-28,Nascimento,ES,2025-01-23
802,Anthony Cardoso,Masculino,1957-03-01,da Cunha de Minas,PI,2025-01-22
803,Mariane Peixoto,Feminino,1960-06-18,Ramos,AP,2024-02-01
804,Ana Carolina Rocha,Masculino,1978-07-11,Cavalcanti Verde,RS,2023-08-11
805,Henrique Barros,Masculino,1959-09-28,Ramos,MS,2022-12-07
806,Sra. Bárbara Caldeira,Feminino,1984-04-05,Almeida,SP,2025-01-08
807,Bruno Nogueira,Feminino,2003-12-26,Aragão Verde,PA,2023-04-20
808,Luiz Otávio Almeida,Feminino,1965-06-18,Porto,SP,2024-07-02
809,Yasmin Vieira,Masculino,2000-11-28,da Luz,MG,2024-04-12
810,Cecília Nunes,Feminino,1957-11-29,Araújo,TO,2023-10-31
811,Luana Lopes,Feminino,1957-07-10,Moreira de Goiás,PA,2024-03-21
812,Dr. Igor Mendes,Feminino,1960-12-12,Moreira do Amparo,CE,2024-12-21
813,Ana Peixoto,Masculino,2003-02-05,Azevedo do Campo,RJ,2022-07-28
814,Dr. Rafael Jesus,Feminino,1988-03-29,Melo Alegre,BA,2023-01-31
815,Rafael da Costa,Feminino,1984-10-04,Barros,MS,2024-06-14
816,Ana Clara da Mota,Feminino,1955-01-23,Porto Paulista,MA,2024-07-05
817,Bruna Santos,Masculino,1994-12-08,Moura Alegre,PB,2025-03-18
818,Luigi da Cunha,Feminino,1982-06-13,Moraes,SC,2022-08-02
819,Sr. João Pedro Dias,Masculino,2000-11-22,da Costa das Flores,AM,2025-01-29
820,Calebe Lima,Feminino,1984-03-20,Jesus,MG,2024-12-11
821,Sofia Freitas,Masculino,1971-09-17,das Neves,RO,2023-07-31
822,Enzo Gabriel Campos,Masculino,1998-12-11,Souza do Galho,MT,2024-09-11
823,Igor da Rosa,Masculino,1954-05-17,Fernandes do Oeste,SC,2023-09-15
824,Clara Correia,Feminino,1998-03-08,Costela,PR,2023-10-02
825,Gabriel Teixeira,Masculino,1993-11-09,Lopes,SC,2022-12-06
826,Camila Azevedo,Feminino,1950-01-11,Barros,MS,2024-01-12
827,Luiz Fernando Costa,Masculino,1995-03-04,Ferreira do Galho,AP,2024-11-20
828,Mirella Correia,Feminino,1999-05-25,Rocha das Flores,AC,2022-07-30
829,Emilly Pinto,Feminino,1978-07-21,Ribeiro,PE,2024-11-08
830,João Vitor das Neves,Feminino,1968-08-16,da Conceição,PA,2024-03-10
831,Maysa Campos,Masculino,1991-10-01,Nogueira,PE,2022-12-15
832,Clara Rocha,Masculino,1985-11-30,Jesus da Mata,AM,2023-05-11
833,Juan Lopes,Masculino,1983-05-08,Silveira,AP,2024-09-24
834,Melissa Viana,Feminino,1974-02-23,Rezende,RN,2023-08-09
835,Cecília Viana,Feminino,1981-08-18,Fogaça,CE,2023-11-24
836,Marina Barros,Feminino,1999-06-08,Nogueira,PI,2024-04-06
837,Dr. Vinicius Moreira,Feminino,1965-07-15,Silveira,RJ,2024-03-24
838,Ana Julia da Cruz,Masculino,1960-01-09,Azevedo de Dias,SE,2024-04-23
839,João Guilherme da Cunha,Masculino,1962-05-04,Novaes,MG,2022-10-04
840,Gabriela Ribeiro,Masculino,1993-06-25,Teixeira de Caldeira,SC,2025-06-14
841,Bryan Viana,Masculino,1980-07-22,Ramos da Serra,RR,2023-06-04
842,Lucas Gabriel Dias,Feminino,1983-02-12,Rezende do Campo,RO,2024-08-04
843,Marcelo Moreira,Feminino,1961-05-09,Lopes Paulista,ES,2025-05-26
844,Maria Vitória Souza,Feminino,1959-08-13,Ramos de Barros,RJ,2023-12-25
845,Sophie da Paz,Masculino,1954-03-23,Caldeira do Norte,PI,2025-02-22
846,Davi Lucas Oliveira,Masculino,2002-12-29,Gonçalves das Flores,RS,2025-01-21
847,Mirella Correia,Masculino,1976-05-26,Costela dos Dourados,SE,2023-07-27
848,Ana Clara da Luz,Feminino,1965-02-17,da Cruz de Cardoso,PA,2024-12-04
849,Leandro Monteiro,Masculino,2000-05-15,da Costa de Minas,MS,2024-12-22
850,Nicole Monteiro,Feminino,1979-04-19,Porto do Campo,SC,2023-10-31
851,Dr. Samuel Carvalho,Feminino,2001-09-04,Gonçalves de Goiás,MA,2023-07-03
852,Bryan Cardoso,Masculino,1951-05-21,Moraes de Farias,RS,2024-06-24
853,Eduarda Alves,Feminino,1998-08-25,Araújo da Mata,PB,2022-09-01
854,Emilly Castro,Feminino,1978-12-27,da Conceição,AC,2024-12-10
855,Alana Moreira,Feminino,1999-08-10,Peixoto,RJ,2023-11-22
856,Emanuel Novaes,Masculino,1998-03-27,Campos,AM,2023-10-25
857,Fernando das Neves,Masculino,1958-02-15,Barbosa dos Dourados,AC,2023-02-05
858,Lucas Azevedo,Masculino,1958-03-12,Lima das Flores,RR,2023-11-03
859,Emanuelly da Rocha,Feminino,1970-08-08,Nascimento do Sul,SP,2022-11-22
860,Enzo Gabriel Alves,Masculino,1997-01-22,da Luz,MG,2023-03-06
861,Ana Beatriz Barbosa,Masculino,1962-04-20,da Cunha,GO,2024-07-12
862,Ana Vitória da Conceição,Feminino,1991-01-18,Almeida,SC,2022-12-29
863,Bernardo Pinto,Feminino,1963-07-30,Sales,MA,2023-05-18
864,Levi Silva,Feminino,1980-01-30,Pires do Oeste,SP,2023-01-09
865,Isabel Gonçalves,Feminino,1988-09-15,Lima do Norte,GO,2023-06-12
866,Pietra Vieira,Masculino,1962-08-28,Teixeira,PA,2022-10-15
867,Sabrina Moraes,Masculino,1976-09-27,Ramos,RO,2023-11-26
868,Ana Lívia Cardoso,Masculino,1975-11-16,Viana,RO,2023-02-09
869,Carolina das Neves,Feminino,1962-03-27,da Luz,MS,2024-04-04
870,Mariane Araújo,Feminino,1962-08-30,da Conceição de Minas,PB,2024-09-02
871,Miguel Cardoso,Feminino,1981-02-21,Monteiro Grande,MT,2024-03-28
872,Kaique Duarte,Feminino,1980-06-17,da Mata,RO,2023-04-27
873,Pedro Lucas Ferreira,Feminino,2006-09-06,Sales do Oeste,SC,2023-09-20
874,Alícia Santos,Masculino,1981-04-22,Rodrigues da Mata,MT,2023-09-15
875,Dr. Erick da Cunha,Feminino,2007-02-16,Silveira,AC,2025-02-03
876,Sra. Luiza Castro,Feminino,1997-01-25,Castro da Prata,PB,2024-02-03
877,Raul Ramos,Masculino,1974-01-18,Rodrigues das Flores,MA,2024-03-14
878,João Lucas Porto,Feminino,1995-05-22,Nascimento,MA,2025-06-01
879,Maria Sophia Novaes,Masculino,1956-01-31,Silveira,AM,2023-05-26
880,Pedro Henrique Pinto,Feminino,1990-09-30,Almeida,AP,2023-03-20
881,Isadora Moreira,Masculino,1966-02-28,Araújo,AP,2022-08-17
882,Ryan Porto,Masculino,1966-12-14,Sales,BA,2023-10-04
883,Mirella Lopes,Feminino,1980-05-18,Cunha,RR,2023-02-28
884,Clarice Araújo,Masculino,1986-11-10,Sales,RS,2023-08-26
885,Sr. Diogo Barros,Feminino,1950-04-18,Pires,DF,2023-09-24
886,Larissa da Paz,Feminino,1953-08-03,Nascimento da Prata,MT,2023-02-13
887,Gustavo Henrique Santos,Feminino,1971-07-13,da Cunha,PR,2022-09-10
888,Vitor Freitas,Feminino,2007-06-04,Farias,PI,2024-11-28
889,Kaique Jesus,Feminino,1988-11-15,Oliveira da Serra,PB,2025-02-10
890,Sabrina Porto,Feminino,2001-08-07,Moura de Silva,PI,2025-03-25
891,Maria Clara da Conceição,Feminino,1966-01-10,Moraes,TO,2023-10-24
892,Thales da Conceição,Masculino,1970-06-14,Moreira de da Mota,TO,2024-12-03
893,Thiago da Conceição,Feminino,1996-03-31,Jesus de Nogueira,PI,2024-12-29
894,Bernardo Souza,Feminino,1960-06-19,Duarte de Minas,PR,2023-04-22
895,Enzo Gabriel Ramos,Masculino,1956-07-30,Cardoso Alegre,PA,2022-12-31
896,Melissa Cunha,Feminino,1987-01-09,Silveira,MG,2024-11-20
897,Maria Vitória Azevedo,Feminino,1974-04-15,Dias,SE,2025-01-08
898,Arthur Cardoso,Masculino,1979-08-31,Pinto de Minas,TO,2022-08-28
899,Daniel Gonçalves,Feminino,1991-06-16,Gomes das Flores,AC,2024-12-04
900,Srta. Sarah Silveira,Feminino,1969-10-13,da Cruz Verde,MS,2024-10-26
901,Joaquim Porto,Feminino,1965-03-25,Lima da Serra,GO,2025-03-19
902,Sr. Noah Ramos,Feminino,1998-02-20,Costela da Praia,ES,2025-04-16
903,Ana Vitória da Paz,Masculino,1959-04-05,Fogaça do Campo,MA,2024-02-08
904,João Gabriel Castro,Feminino,1978-01-17,da Cruz,ES,2023-06-28
905,Lavínia Souza,Feminino,1956-10-20,Martins,MT,2025-03-15
906,Benjamin Martins,Feminino,1958-06-19,Farias,PB,2024-03-30
907,Isabella da Paz,Feminino,1970-06-09,Teixeira do Sul,DF,2025-06-28
908,Pedro Miguel Ferreira,Feminino,1958-09-08,Ferreira da Praia,MA,2024-01-24
909,Ana Luiza Jesus,Masculino,1992-06-02,Dias,CE,2025-05-21
910,Felipe Pereira,Masculino,1961-04-01,Peixoto dos Dourados,PI,2022-10-09
911,Milena Moura,Masculino,1959-09-15,Jesus da Mata,MG,2024-08-10
912,Nicolas Rocha,Masculino,1965-06-26,Lima da Praia,TO,2025-03-24
913,Alice Nunes,Feminino,2000-09-04,Peixoto Grande,MS,2025-04-29
914,Dra. Eloah da Luz,Masculino,1951-04-15,Melo,SC,2025-01-05
915,Guilherme Lopes,Feminino,1964-08-02,da Costa,SC,2024-11-19
916,Vitor Lima,Feminino,2007-06-01,Pinto,SE,2023-02-21
917,Sra. Isabella da Mota,Masculino,1973-07-13,Aragão Verde,AC,2024-06-23
918,João Araújo,Feminino,1980-10-24,Duarte da Praia,ES,2023-06-19
919,Maitê Almeida,Feminino,1950-03-10,Gomes,GO,2024-04-16
920,Dra. Fernanda Carvalho,Masculino,1952-12-23,Barros,MG,2024-05-19
921,Carolina Costa,Feminino,2002-06-15,Carvalho dos Dourados,RR,2024-02-12
922,Ana Carolina Costela,Masculino,1989-11-09,da Costa,DF,2025-05-19
923,Brenda Barbosa,Feminino,1969-06-26,Caldeira,BA,2023-08-15
924,André Melo,Masculino,1983-03-20,da Conceição da Mata,MS,2024-03-21
925,Maria Vitória Barros,Feminino,1956-01-22,Cardoso da Prata,SP,2025-01-01
926,Ana Beatriz Fogaça,Feminino,1996-06-19,Barbosa do Amparo,TO,2023-02-26
927,Ana Lívia Costela,Masculino,2002-12-28,Vieira de Caldeira,RJ,2024-03-30
928,Melissa da Rocha,Feminino,1978-11-18,Gonçalves de Castro,PE,2024-11-02
929,Arthur Ramos,Feminino,1988-01-08,Araújo da Serra,CE,2024-04-16
930,Davi Monteiro,Feminino,1956-12-03,Melo,SE,2024-03-17
931,Ana Luiza Barbosa,Feminino,1979-08-27,Nunes,PE,2023-11-28
932,Maitê Silveira,Masculino,1969-05-23,Cardoso,PR,2023-01-07
933,Davi Lucas Porto,Feminino,1971-01-02,Sales,SC,2024-11-19
934,Milena Costa,Masculino,1986-02-04,Santos das Pedras,PR,2025-06-11
935,Lívia da Luz,Masculino,1954-08-25,Cunha,RR,2022-08-16
936,João Felipe da Cruz,Masculino,1966-07-02,da Costa,MS,2023-11-25
937,Helena Cardoso,Feminino,1986-11-03,Alves Grande,RO,2023-12-12
938,Antônio da Cunha,Masculino,1996-04-23,Silva,RO,2023-12-04
939,Helena Gomes,Masculino,1953-04-08,Lopes do Amparo,PB,2022-10-08
940,Davi Lucca da Paz,Feminino,1968-04-20,Pires Verde,PI,2025-01-28
941,Laís Pinto,Feminino,1991-08-10,Ferreira de Rezende,MA,2023-06-13
942,Stephany Porto,Feminino,1965-07-04,Azevedo do Galho,SP,2023-06-16
943,Manuela Carvalho,Masculino,1977-01-19,Melo,ES,2024-07-20
944,Ryan da Cruz,Masculino,2001-03-28,Caldeira,PE,2023-06-24
945,Dr. Luiz Gustavo Freitas,Masculino,2000-08-26,Barbosa Alegre,SP,2025-07-21
946,Juan Farias,Feminino,1970-12-19,Vieira Alegre,PA,2024-01-25
947,João Gabriel da Rosa,Masculino,1954-06-16,Duarte do Amparo,RR,2023-02-06
948,Eduarda Silveira,Masculino,1960-11-05,Moura da Mata,PE,2024-02-04
949,Luiz Felipe Santos,Feminino,1996-02-25,da Cunha do Oeste,CE,2025-03-06
950,Sr. Pedro Azevedo,Feminino,1993-09-23,Carvalho das Flores,BA,2023-10-17
951,Nicolas Nogueira,Feminino,1991-08-12,Carvalho,MS,2025-05-01
952,Samuel Duarte,Feminino,1979-08-13,Carvalho do Norte,AM,2024-07-23
953,Dr. João Miguel Cardoso,Masculino,1967-11-15,da Rosa,RS,2023-10-28
954,João Guilherme Farias,Feminino,1979-12-03,Barbosa do Norte,SE,2022-11-23
955,Srta. Sabrina da Mota,Masculino,1972-09-02,Oliveira,RR,2023-05-23
956,Sr. Luiz Otávio da Rosa,Feminino,1956-02-25,Cardoso,AC,2024-12-15
957,Marina da Paz,Masculino,1999-05-18,Caldeira de Silveira,ES,2024-06-07
958,Catarina Nogueira,Feminino,1961-07-05,Ribeiro,PR,2024-05-22
959,Milena da Mata,Feminino,1998-05-11,das Neves do Amparo,CE,2024-10-07
960,Pedro Lucas Rocha,Masculino,1991-08-01,Sales,PR,2024-04-09
961,Diego Dias,Masculino,2006-05-02,Lopes de Porto,MA,2023-09-13
962,Dr. Isaac Rocha,Masculino,1990-03-31,Correia,AP,2024-12-19
963,Melissa Caldeira,Feminino,1965-10-30,Lima,BA,2022-12-12
964,Kevin Alves,Feminino,1974-10-26,Azevedo,SC,2023-06-18
965,Lorenzo da Conceição,Feminino,1963-06-06,Mendes,RO,2023-04-25
966,Luiz Gustavo Ferreira,Feminino,1989-06-12,da Rosa,MG,2022-09-11
967,Luiz Gustavo Carvalho,Masculino,1965-08-16,Cunha do Campo,AC,2022-07-30
968,Maria Julia da Conceição,Feminino,1961-02-20,Melo do Sul,GO,2025-01-16
969,Lucas Gabriel Cunha,Feminino,1994-08-05,da Cunha dos Dourados,BA,2024-03-29
970,Alícia Castro,Feminino,1980-05-04,da Cunha dos Dourados,DF,2022-12-27
971,Ana Carolina Barbosa,Masculino,1970-07-25,Barros das Flores,AL,2025-06-27
972,Carolina Peixoto,Feminino,1955-09-24,Vieira,AC,2022-10-28
973,Rodrigo Barros,Feminino,1969-10-07,Freitas,MT,2023-10-31
974,Pietra da Rocha,Feminino,1978-01-26,Correia,RR,2024-09-03
975,Dra. Natália Ferreira,Masculino,1998-04-21,Jesus Grande,MS,2023-06-11
976,Fernanda Silva,Feminino,2001-07-04,Silva,SC,2023-09-08
977,Bianca Ferreira,Masculino,1957-09-23,Farias de Minas,PA,2023-06-03
978,Sophia Ferreira,Masculino,1999-02-01,Moreira do Sul,GO,2025-01-11
979,Heitor Melo,Masculino,1998-11-25,Gomes de da Rocha,AM,2023-01-03
980,Pedro Henrique Cardoso,Feminino,1968-02-13,da Rosa,AP,2022-12-13
981,Agatha Sales,Masculino,1996-01-14,Aragão do Galho,RS,2025-03-02
982,Caio Castro,Masculino,1972-08-30,Freitas Verde,SC,2025-06-04
983,Maysa Rodrigues,Masculino,2007-03-10,Cardoso da Mata,TO,2024-11-11
984,Julia Souza,Masculino,2006-07-21,Rezende,PE,2023-11-10
985,Sr. João Moreira,Masculino,1990-11-28,Rocha,SE,2024-06-28
986,Gustavo Monteiro,Feminino,1982-10-08,Martins,RN,2024-02-19
987,Dra. Bárbara da Mota,Feminino,2003-01-05,Cardoso do Sul,AP,2023-01-25
988,Amanda Mendes,Feminino,1951-03-01,Nascimento do Norte,AC,2024-05-09
989,Vitor Nogueira,Masculino,1966-04-08,Lima,PA,2024-12-21
990,Eloah Araújo,Feminino,1957-05-05,da Luz do Galho,PA,2023-08-11
991,Evelyn Vieira,Masculino,2006-05-14,Porto,PB,2024-04-29
992,Rebeca da Cruz,Masculino,1951-12-10,Lima,PB,2023-03-21
993,Vitor Gabriel da Mota,Feminino,1961-10-31,Rezende Grande,ES,2025-02-26
994,Laura da Luz,Feminino,2004-02-12,Barbosa,MG,2024-03-28
995,Emanuella Freitas,Masculino,1964-04-25,Sales,SC,2024-12-08
996,Lucas Gabriel Araújo,Masculino,2003-11-08,Vieira Paulista,PE,2024-03-02
997,Bernardo Peixoto,Feminino,1994-06-08,Rocha,PR,2023-10-14
998,Srta. Amanda Souza,Feminino,1952-02-18,Freitas,CE,2023-10-07
999,Sr. Kaique Ferreira,Feminino,1952-12-26,Alves,RJ,2023-12-22
1000,Gabriel da Costa,Masculino,1973-01-23,Martins,ES,2023-08-04
1001,Manuela Araújo,Masculino,1991-11-26,Jesus de Castro,SC,2023-11-22
1002,Daniel Moraes,Masculino,1992-09-13,Vieira,AL,2025-04-08
1003,Francisco Souza,Feminino,1994-03-15,Cunha,MG,2024-05-21
1004,Bernardo Costela,Masculino,1998-10-25,Souza da Mata,DF,2024-08-09
1005,Esther Novaes,Masculino,1955-02-12,Ramos,RO,2024-11-06
1006,Srta. Nina Lopes,Masculino,1982-12-24,Ribeiro,RO,2023-04-07
1007,Ana Beatriz Martins,Feminino,2003-03-05,Gonçalves do Galho,MS,2024-11-29
1008,Mariana das Neves,Feminino,2005-03-13,Cardoso,RR,2022-08-30
1009,Melissa Cavalcanti,Masculino,2004-06-04,Farias,TO,2023-06-16
1010,Vinicius Mendes,Feminino,1951-12-31,Freitas,PR,2023-12-29
1011,Noah Dias,Masculino,1949-08-25,Nascimento de Monteiro,RN,2024-02-08
1012,Nina Fernandes,Feminino,1964-02-12,Nascimento,AL,2024-11-23
1013,Lorenzo Rodrigues,Feminino,1970-01-13,Cardoso,AL,2023-09-09
1014,Giovanna Caldeira,Feminino,1961-11-19,Lopes da Praia,DF,2023-10-14
1015,Pedro Henrique Monteiro,Feminino,1989-10-28,Mendes da Serra,AM,2024-01-11
1016,Dra. Caroline Jesus,Feminino,1969-11-29,da Cruz Paulista,BA,2024-05-03
1017,Dra. Maysa Nogueira,Masculino,1969-02-24,Azevedo de Sales,RS,2023-08-29
1018,Igor Almeida,Feminino,1974-04-03,Vieira Verde,SP,2023-07-08
1019,Henrique Gonçalves,Feminino,1966-07-11,Oliveira Verde,RN,2023-03-29
1020,Melissa Pires,Feminino,1973-04-28,Jesus Grande,PB,2024-06-19
1021,Dra. Sophie Duarte,Masculino,1969-10-26,Costa,SP,2024-07-06
1022,Helena Costela,Feminino,1968-02-04,Peixoto,MA,2025-02-27
1023,Helena Araújo,Masculino,1954-09-08,Nogueira Paulista,PA,2024-02-26
1024,Emanuelly Lima,Masculino,1997-08-28,Martins,MG,2023-05-30
1025,Sra. Júlia Lima,Feminino,2003-09-22,da Mata,RJ,2023-07-23
1026,Caroline Barbosa,Masculino,1996-06-29,Nunes,PA,2023-04-22
1027,Srta. Maria Julia Nunes,Masculino,1992-03-13,Moreira de Moraes,AP,2025-07-22
1028,Laura Pires,Feminino,2005-02-12,Ferreira do Sul,RR,2024-04-06
1029,Natália Araújo,Masculino,1954-09-30,Vieira,SP,2024-03-24
1030,Dra. Ana Clara Pires,Masculino,1969-03-31,Teixeira de Peixoto,RN,2022-12-09
1031,Nicolas Freitas,Feminino,1975-07-16,Barros do Oeste,MT,2023-03-20
1032,Maysa Pereira,Masculino,2001-06-03,Cavalcanti,MA,2025-06-20
1033,Kamilly da Cunha,Feminino,1949-12-23,Rodrigues,MT,2022-09-07
1034,Isabella Ribeiro,Feminino,1951-09-06,Barros,BA,2022-11-26
1035,Luna Cunha,Masculino,1987-07-21,Silveira,AM,2023-06-18
1036,Rafaela da Paz,Feminino,2004-10-09,Araújo,MG,2022-08-20
1037,Ana Sophia Pires,Feminino,1994-01-01,Lopes Grande,ES,2024-07-24
1038,Danilo Cardoso,Masculino,1956-05-03,da Cruz do Sul,GO,2023-12-25
1039,Eduardo das Neves,Feminino,1997-02-09,Rocha da Mata,PR,2024-07-11
1040,João Guilherme Nogueira,Masculino,1962-03-24,Rocha,RJ,2023-06-03
1041,Henrique Ferreira,Masculino,1979-11-02,da Luz,RN,2023-02-19
1042,Caroline Aragão,Feminino,1987-08-18,Silva,MT,2022-08-17
1043,Dr. João Guilherme Nunes,Feminino,2002-10-19,Pereira,SE,2025-07-14
1044,Renan Novaes,Masculino,1958-08-29,Melo,RO,2024-11-09
1045,Mariane Dias,Masculino,1988-10-10,Pinto do Norte,PR,2022-08-08
1046,Murilo da Rosa,Feminino,2004-12-26,Melo das Flores,CE,2024-12-31
1047,Calebe Cavalcanti,Feminino,1965-08-11,Moraes,RR,2025-04-22
1048,Gustavo Henrique Souza,Masculino,1960-06-21,Rezende do Campo,GO,2023-02-23
1049,Luiz Miguel Rodrigues,Feminino,1970-07-15,Vieira,PB,2025-05-02
1050,Srta. Alícia Pires,Masculino,1951-12-12,da Rosa,SC,2022-09-23
1051,Dra. Emilly Carvalho,Feminino,1977-10-18,Farias da Serra,MG,2024-01-01
1052,Isis Sales,Masculino,1979-01-12,Oliveira Alegre,GO,2023-11-06
1053,Dra. Melissa da Paz,Masculino,2000-11-16,Almeida da Serra,AM,2024-01-24
1054,Daniela Santos,Feminino,1969-12-31,Vieira,TO,2022-09-18
1055,Francisco Carvalho,Feminino,1981-10-03,Silveira,DF,2023-06-13
1056,Camila Cardoso,Feminino,1992-09-09,da Mata,RN,2022-08-02
1057,Yago Caldeira,Feminino,1971-04-12,da Mota da Mata,RR,2022-07-28
1058,Luiz Felipe da Luz,Feminino,1957-08-28,Costa,CE,2024-04-23
1059,Maitê Ferreira,Feminino,2002-07-22,Cardoso da Praia,PE,2023-11-20
1060,Dr. Vitor Gabriel Ramos,Feminino,1993-11-15,Caldeira,SE,2025-05-14
1061,Sabrina Nunes,Masculino,1979-06-23,Oliveira,PI,2024-10-12
1062,Sra. Maysa Caldeira,Masculino,1970-11-01,Rodrigues da Prata,SC,2025-06-25
1063,Miguel Costa,Masculino,1979-05-25,da Cunha de Peixoto,RO,2025-07-24
1064,Carlos Eduardo Cavalcanti,Masculino,1993-12-10,das Neves,AM,2025-06-16
1065,Francisco da Costa,Feminino,1987-07-18,Rocha,MS,2024-03-28
1066,Sr. Benjamin Martins,Masculino,1977-09-02,Araújo Grande,AP,2023-11-17
1067,Ana Laura da Rocha,Feminino,1983-09-26,Costa das Flores,SC,2025-04-24
1068,Luiz Felipe da Cruz,Masculino,1981-02-07,Monteiro de Cunha,RJ,2023-11-12
1069,Joaquim Gomes,Feminino,1966-11-19,Pereira de Costa,SC,2023-10-07
1070,Sr. Calebe Carvalho,Masculino,1981-08-24,Cardoso Paulista,PE,2022-08-03
1071,Sarah da Costa,Feminino,1987-07-24,Araújo,AL,2024-07-06
1072,Mariana das Neves,Feminino,1986-08-13,da Paz Paulista,DF,2023-09-15
1073,Sr. Thales da Paz,Masculino,1992-06-16,Aragão,PR,2022-09-09
1074,Cauê Dias,Masculino,1977-07-21,da Costa,AL,2022-11-22
1075,Daniel Duarte,Feminino,1958-11-02,Castro de Goiás,PI,2024-03-02
1076,Ana Vitória Ferreira,Feminino,1993-01-14,Sales,ES,2022-10-21
1077,Enzo Campos,Masculino,1950-06-05,Correia do Oeste,PE,2022-11-27
1078,Murilo Teixeira,Feminino,1950-08-11,da Luz do Amparo,AL,2024-05-27
1079,Caio Moreira,Masculino,1968-09-08,Porto de Minas,MG,2022-08-01
1080,Eduarda Aragão,Feminino,1960-10-03,Cavalcanti,SC,2023-05-13
1081,Diego da Cruz,Masculino,1969-09-01,da Paz dos Dourados,RO,2023-10-14
1082,Lucca Aragão,Masculino,1981-01-06,Moreira do Campo,SC,2023-06-28
1083,Bruna Pereira,Feminino,1971-10-08,Araújo,PE,2024-05-12
1084,Catarina Mendes,Masculino,1982-05-09,Jesus do Amparo,AC,2024-11-23
1085,Clarice da Mota,Feminino,1986-06-16,Freitas do Norte,SC,2023-03-23
1086,Luiz Felipe Azevedo,Feminino,1974-12-15,Rocha do Amparo,PR,2024-02-27
1087,Sr. Lucas Gabriel Teixeira,Feminino,1968-04-08,Fogaça de Goiás,AC,2022-10-06
1088,Cecília da Paz,Masculino,1954-11-13,Moreira,RO,2024-01-03
1089,Enzo Gabriel Pires,Feminino,1952-03-11,da Cruz,PI,2023-03-03
1090,Diogo Pires,Masculino,2005-02-16,da Mata do Sul,DF,2024-09-30
1091,Erick da Cruz,Masculino,1987-12-03,da Rosa,RJ,2025-05-18
1092,Camila Correia,Masculino,1982-11-17,da Costa,SC,2025-04-28
1093,Sr. Lucas Barbosa,Feminino,1972-11-15,Barros,SC,2024-04-11
1094,Marcelo Silveira,Feminino,1994-04-06,Nascimento de Freitas,AC,2024-03-06
1095,Bryan Gonçalves,Masculino,1955-01-24,Cavalcanti,RR,2024-12-08
1096,Gustavo Henrique Barbosa,Masculino,1953-12-30,Aragão,DF,2023-04-27
1097,Larissa Rocha,Masculino,2001-06-05,da Mota,GO,2023-04-25
1098,Laís da Cunha,Masculino,1985-09-09,Castro de Ramos,CE,2025-02-08
1099,Enzo Gabriel Nunes,Masculino,1981-01-25,Moraes de Goiás,AC,2023-12-06
1100,Enzo Gabriel Lima,Feminino,1958-05-09,Caldeira de Ribeiro,GO,2023-05-10
1101,Yuri Fogaça,Feminino,1958-05-13,Duarte,PI,2025-07-22
1102,Amanda Costa,Masculino,1975-03-03,Monteiro de Teixeira,SC,2024-08-17
1103,Vitor Gabriel Duarte,Feminino,2004-02-01,da Mata do Galho,PA,2023-04-21
1104,Luiz Felipe Novaes,Feminino,1998-10-31,Vieira de Alves,SE,2024-02-23
1105,Dra. Joana Rezende,Feminino,1963-03-21,Gomes do Campo,MG,2022-09-07
1106,Felipe Oliveira,Feminino,1974-11-27,Freitas,AC,2023-06-16
1107,Natália Aragão,Masculino,1955-11-18,Peixoto da Praia,RO,2022-08-08
1108,Davi Teixeira,Masculino,1987-04-14,Sales do Campo,AP,2023-01-22
1109,Maitê Rodrigues,Feminino,1958-02-18,Freitas de Farias,GO,2025-05-01
1110,Vitor Fogaça,Masculino,1957-09-16,Moura do Oeste,RR,2024-06-18
1111,Vitória Moraes,Feminino,1977-12-26,Nunes das Pedras,SC,2023-04-30
1112,Marcos Vinicius da Conceição,Masculino,1967-09-13,Nogueira,PA,2023-02-18
1113,Heitor Azevedo,Masculino,1975-07-08,da Paz do Oeste,DF,2024-08-19
1114,Gabrielly Martins,Masculino,1970-08-06,Nunes do Oeste,MS,2023-12-27
1115,Manuela da Cunha,Masculino,1969-11-03,Cardoso,GO,2024-11-13
1116,Isabelly Peixoto,Feminino,1992-07-26,Ferreira,RN,2024-10-19
1117,Sr. Pedro Lucas Barros,Masculino,1997-07-06,Silva,CE,2023-03-19
1118,João Pedro Cavalcanti,Feminino,1970-11-18,Cunha,ES,2024-12-07
1119,Antônio Silveira,Feminino,1971-02-27,Novaes,PR,2023-08-29
1120,João Gabriel Aragão,Masculino,1999-11-16,Pereira,RO,2025-01-11
1121,Murilo Souza,Feminino,1988-11-10,Fogaça,RS,2023-04-08
1122,Raquel Peixoto,Feminino,1995-06-07,Novaes,BA,2023-08-15
1123,Fernanda Farias,Feminino,1988-07-06,Peixoto,AL,2025-03-11
1124,Maria Julia Lima,Feminino,1962-02-05,Moraes,PE,2023-01-08
1125,Ana Lívia da Mota,Masculino,1956-08-03,Cavalcanti de da Costa,RN,2024-10-18
1126,Catarina Correia,Masculino,1992-09-01,Costa da Mata,AC,2024-03-04
1127,Pedro Lucas Nunes,Feminino,2001-02-16,Costa,AC,2025-01-22
1128,Lucas Farias,Feminino,1971-07-09,Lima,RJ,2022-08-09
1129,Ana Clara Rezende,Feminino,1975-06-20,Costela,TO,2025-04-03
1130,Sabrina Araújo,Feminino,1954-07-13,Gomes do Galho,RJ,2024-12-29
1131,Joaquim da Mata,Feminino,1983-10-02,Melo de Ribeiro,AP,2025-03-01
1132,Anthony Cardoso,Feminino,1982-12-26,Costa,RJ,2024-11-23
1133,Emanuella da Costa,Masculino,1961-06-13,Costa da Prata,AL,2024-10-08
1134,Amanda Melo,Masculino,1963-06-10,Barros Paulista,MA,2024-12-28
1135,Caio Costela,Feminino,1962-11-20,Silveira da Serra,AM,2023-10-02
1136,Daniel Cavalcanti,Feminino,1994-05-17,Cardoso da Mata,ES,2023-06-21
1137,Alice Jesus,Masculino,1996-08-05,Sales da Praia,AM,2024-03-08
1138,Alana Cardoso,Feminino,1983-02-11,Rezende,BA,2025-02-24
1139,Dra. Evelyn Barros,Masculino,1991-07-25,Martins,CE,2025-06-18
1140,Bryan Azevedo,Feminino,1955-05-28,Caldeira de da Rosa,PE,2023-09-22
1141,Gustavo Henrique Viana,Masculino,1956-05-10,Correia da Praia,DF,2024-10-26
1142,Lívia da Rocha,Feminino,1988-06-16,Lopes de da Luz,RR,2025-02-17
1143,Isadora Rocha,Feminino,1987-02-06,da Mota da Mata,PA,2024-07-03
1144,Lucas Gabriel Martins,Feminino,1960-05-29,Viana do Galho,RJ,2025-05-30
1145,Sr. Erick das Neves,Feminino,2004-01-24,Viana,TO,2023-07-03
1146,Daniela Jesus,Feminino,1957-12-12,Aragão,AM,2023-11-03
1147,Beatriz Barros,Masculino,1996-04-22,Castro,SC,2025-01-28
1148,Srta. Natália Fogaça,Feminino,2005-01-11,Costa,MG,2024-12-10
1149,Pietro Aragão,Feminino,1982-01-06,Castro das Pedras,SP,2024-08-19
1150,Eduarda Martins,Masculino,1956-03-30,Cardoso,DF,2023-10-20
1151,Dra. Maria Luiza da Conceição,Masculino,1985-05-30,da Rosa,AL,2025-07-27
1152,Elisa Silva,Masculino,1959-07-19,Ribeiro,TO,2025-03-10
1153,Pietro Costela,Feminino,1976-04-21,Lima Paulista,DF,2023-09-11
1154,João Gabriel Almeida,Masculino,1991-08-16,Silva de Castro,PI,2023-08-19
1155,Juan Rezende,Masculino,1956-02-16,da Luz do Norte,RS,2023-03-23
1156,Maria Alice Santos,Masculino,1970-06-01,Pinto de Gomes,AC,2024-04-17
1157,Alana Pires,Feminino,1991-10-11,Gonçalves,SE,2023-05-10
1158,Davi Lucca Rezende,Feminino,2001-03-08,da Conceição,AM,2024-09-07
1159,Sabrina da Rosa,Masculino,1963-07-30,da Cunha de Ferreira,MT,2024-10-01
1160,Stephany Silva,Feminino,1991-03-03,Cavalcanti Alegre,MG,2023-11-21
1161,Elisa Ramos,Masculino,1983-01-29,Fogaça,RS,2025-05-22
1162,Pedro Gomes,Masculino,2000-07-27,da Mata do Amparo,PA,2024-07-11
1163,Vicente Almeida,Feminino,1991-05-02,da Paz Verde,TO,2025-06-05
1164,Rodrigo Castro,Masculino,2000-09-30,Peixoto,MT,2023-04-30
1165,Cecília Moura,Feminino,1973-09-28,Cardoso de Vieira,SC,2025-07-01
1166,Dr. Cauê Nogueira,Masculino,1994-08-18,Vieira,ES,2023-10-25
1167,Pedro Henrique Moura,Feminino,1955-11-12,Fernandes,AM,2024-07-03
1168,Lucca Alves,Feminino,1968-02-21,Rezende do Oeste,AL,2023-12-13
1169,Mirella Lima,Masculino,1994-12-21,Fernandes,AC,2025-07-06
1170,Caio Moura,Feminino,1960-12-20,da Cunha,AL,2024-09-22
1171,Eduardo Almeida,Masculino,1989-06-13,Novaes,PR,2023-05-19
1172,Bianca Barbosa,Masculino,1956-09-10,Fogaça,RR,2023-12-23
1173,Sarah Alves,Feminino,1989-04-09,Nogueira,SC,2024-09-05
1174,Emilly Costa,Feminino,1970-07-10,da Mata,RN,2024-10-05
1175,Lucca Lima,Masculino,1976-02-29,Moreira do Oeste,MG,2025-06-05
1176,Alícia Sales,Feminino,2000-10-22,Moraes do Galho,SP,2025-01-13
1177,Davi Lucca Teixeira,Masculino,1980-05-25,Oliveira,PA,2024-07-20
1178,Maysa Azevedo,Masculino,1994-07-22,Costa do Sul,PE,2022-10-20
1179,Srta. Isabel Jesus,Masculino,1960-05-12,da Rosa,BA,2023-08-13
1180,Eloah Nogueira,Masculino,1976-08-18,Freitas de da Rosa,RS,2023-06-11
1181,Esther Araújo,Feminino,1978-09-08,Pinto,RS,2023-08-09
1182,Heitor Lopes,Masculino,1952-06-30,Vieira da Praia,RR,2022-11-12
1183,João Gabriel Ribeiro,Masculino,1990-06-13,Barros das Pedras,MT,2024-06-29
1184,Vitória Vieira,Masculino,1978-03-04,da Luz,AP,2024-02-11
1185,Theo da Conceição,Feminino,1963-04-25,Martins de Ramos,AL,2024-10-07
1186,Letícia Vieira,Masculino,1977-05-09,da Conceição,CE,2023-06-09
1187,Isabel Vieira,Masculino,1949-12-07,Novaes,CE,2024-11-17
1188,João Gabriel Costela,Feminino,1982-07-21,Pereira,CE,2025-01-04
1189,Luiz Gustavo Teixeira,Masculino,1991-07-25,Carvalho,SP,2024-03-16
1190,Maria Eduarda Mendes,Feminino,1989-02-26,Jesus,SE,2023-06-15
1191,Carolina Nogueira,Masculino,1987-08-31,Alves do Norte,MA,2025-02-20
1192,Maria Luiza Fogaça,Feminino,1968-01-06,Vieira,MS,2022-12-06
1193,Maria Cunha,Masculino,1983-09-27,da Mata Verde,SC,2024-10-18
1194,Sr. Carlos Eduardo da Rocha,Masculino,1993-07-11,Moreira,SC,2022-08-20
1195,Ana Almeida,Feminino,1962-07-05,Caldeira de Minas,BA,2025-06-25
1196,Leandro Dias,Masculino,1998-10-16,Santos,PB,2023-01-19
1197,Francisco Nascimento,Masculino,1961-10-18,Nogueira,MT,2024-09-27
1198,Dr. Davi Luiz Aragão,Masculino,1987-09-28,da Mata da Prata,SE,2024-02-18
1199,Dr. Luiz Gustavo Vieira,Feminino,1976-08-17,Costela,SP,2024-01-14
1200,Eduarda Monteiro,Feminino,1977-02-24,Sales,MA,2023-01-24
