id_interacao,id_cliente,canal,tipo_problema,tempo_resolucao,satisfacao_cliente
1,179,E-mail,Dúvida,50,2
2,199,Telefone,Técnico,41,4
3,181,Telefone,Reclamação,20,4
4,10,E-mail,Dúvida,43,1
5,113,E-mail,Dúvida,59,1
6,185,E-mail,Reclamação,20,1
7,121,Telefone,Operacional,51,1
8,85,Chat,Dúvida,49,3
9,161,Chat,Reclamação,70,1
10,159,E-mail,Financeiro,37,2
11,192,E-mail,Reclamação,13,1
12,114,E-mail,Operacional,4,1
13,84,E-mail,Operacional,46,3
14,111,E-mail,Financeiro,68,4
15,145,Chat,Financeiro,22,2
16,21,Chat,Reclamação,31,4
17,150,E-mail,Financeiro,60,3
18,118,Telefone,Técnico,60,3
19,174,Chat,Financeiro,10,4
20,89,Chat,Operacional,55,3
21,117,Telefone,Financeiro,50,4
22,28,E-mail,Reclamação,46,5
23,76,Chat,Operacional,3,4
24,71,E-mail,Dúvida,7,5
25,191,Telefone,Operacional,30,5
26,91,E-mail,Financeiro,33,2
27,161,E-mail,Técnico,40,4
28,9,Chat,Operacional,17,1
29,76,Telefone,Reclamação,23,2
30,34,Chat,Operacional,68,5
31,70,E-mail,Operacional,62,3
32,192,Telefone,Técnico,60,1
33,37,E-mail,Reclamação,72,3
34,24,Telefone,Técnico,34,5
35,32,Telefone,Operacional,34,5
36,98,Chat,Operacional,14,2
37,121,E-mail,Dúvida,72,3
38,157,E-mail,Técnico,60,3
39,167,Telefone,Técnico,18,1
40,10,Telefone,Reclamação,15,1
41,61,Chat,Financeiro,50,4
42,95,Chat,Dúvida,54,5
43,191,Chat,Financeiro,54,1
44,126,Chat,Reclamação,36,1
45,177,Telefone,Financeiro,57,4
46,61,Telefone,Técnico,48,5
47,166,Telefone,Técnico,51,3
48,49,E-mail,Reclamação,12,2
49,165,Chat,Dúvida,3,1
50,86,E-mail,Financeiro,27,1
51,196,Chat,Financeiro,28,2
52,85,E-mail,Dúvida,1,3
53,38,E-mail,Dúvida,33,2
54,29,Chat,Técnico,17,1
55,92,E-mail,Dúvida,42,1
56,45,Telefone,Técnico,17,4
57,135,E-mail,Técnico,61,4
58,200,Telefone,Dúvida,14,4
59,129,E-mail,Dúvida,6,5
60,78,Telefone,Técnico,8,4
61,103,Telefone,Técnico,63,4
62,19,E-mail,Operacional,19,1
63,33,Telefone,Dúvida,71,3
64,98,Chat,Dúvida,38,4
65,130,Chat,Reclamação,13,1
66,168,Chat,Dúvida,28,4
67,116,E-mail,Reclamação,44,4
68,103,Telefone,Técnico,41,4
69,81,Chat,Operacional,48,2
70,176,Telefone,Técnico,12,1
71,24,Telefone,Técnico,48,2
72,143,E-mail,Dúvida,72,5
73,85,Chat,Técnico,53,3
74,171,Telefone,Técnico,37,5
75,80,Telefone,Técnico,65,2
76,40,Chat,Reclamação,29,1
77,90,Chat,Operacional,15,3
78,147,E-mail,Reclamação,72,5
79,158,Chat,Dúvida,4,5
80,169,Chat,Operacional,4,2
81,70,Chat,Operacional,44,3
82,2,E-mail,Financeiro,52,1
83,37,Chat,Técnico,12,5
84,56,Telefone,Reclamação,59,3
85,41,Telefone,Operacional,42,5
86,153,E-mail,Técnico,20,2
87,194,Chat,Técnico,11,3
88,114,Chat,Reclamação,63,5
89,114,Telefone,Operacional,28,5
90,30,Telefone,Reclamação,15,3
91,174,Chat,Dúvida,63,5
92,171,Telefone,Técnico,29,4
93,154,E-mail,Técnico,27,3
94,55,E-mail,Operacional,38,3
95,31,E-mail,Reclamação,56,2
96,34,Telefone,Dúvida,30,5
97,144,Chat,Operacional,10,4
98,190,E-mail,Reclamação,3,4
99,20,Telefone,Dúvida,55,5
100,104,Chat,Reclamação,38,1
101,104,E-mail,Operacional,22,5
102,118,Chat,Operacional,12,4
103,28,E-mail,Reclamação,52,5
104,21,Telefone,Operacional,44,2
105,86,E-mail,Técnico,66,1
106,136,Chat,Financeiro,45,3
107,187,Chat,Financeiro,31,1
108,38,Telefone,Financeiro,23,5
109,40,Chat,Técnico,23,4
110,119,Chat,Dúvida,58,5
111,165,Chat,Dúvida,42,3
112,39,Telefone,Técnico,61,4
113,162,Telefone,Operacional,8,3
114,130,E-mail,Operacional,60,4
115,10,E-mail,Operacional,37,1
116,166,E-mail,Dúvida,65,4
117,119,Chat,Dúvida,6,4
118,147,Chat,Financeiro,42,5
119,122,Chat,Financeiro,8,4
120,27,Telefone,Técnico,65,2
121,11,E-mail,Reclamação,57,5
122,134,Chat,Financeiro,47,3
123,73,Telefone,Reclamação,44,5
124,14,Chat,Operacional,9,3
125,25,Chat,Reclamação,37,3
126,186,Chat,Dúvida,20,3
127,21,Chat,Financeiro,45,3
128,168,Chat,Reclamação,17,5
129,182,E-mail,Operacional,72,4
130,165,Telefone,Financeiro,68,1
131,166,Chat,Reclamação,66,3
132,5,Telefone,Operacional,24,2
133,88,Telefone,Financeiro,29,2
134,40,E-mail,Operacional,13,5
135,198,Chat,Dúvida,5,3
136,197,Chat,Financeiro,49,2
137,42,E-mail,Dúvida,22,4
138,12,Telefone,Operacional,31,4
139,157,Telefone,Reclamação,30,5
140,62,Telefone,Reclamação,25,3
141,174,Chat,Reclamação,60,3
142,200,Telefone,Dúvida,68,4
143,42,E-mail,Dúvida,18,3
144,14,Chat,Reclamação,48,5
145,27,Chat,Dúvida,16,3
146,22,E-mail,Operacional,58,5
147,38,Telefone,Técnico,29,4
148,90,E-mail,Reclamação,7,4
149,129,Telefone,Financeiro,50,1
150,96,E-mail,Técnico,41,1
151,183,Chat,Operacional,19,2
152,10,Telefone,Reclamação,18,4
153,115,Chat,Técnico,11,1
154,66,E-mail,Financeiro,71,5
155,136,Telefone,Técnico,37,2
156,78,E-mail,Técnico,31,4
157,164,Chat,Reclamação,9,1
158,128,Chat,Dúvida,3,5
159,148,E-mail,Financeiro,38,4
160,1,Chat,Operacional,31,5
161,107,E-mail,Técnico,68,3
162,18,Chat,Dúvida,65,5
163,142,E-mail,Reclamação,61,1
164,163,Telefone,Operacional,33,1
165,92,E-mail,Operacional,31,1
166,198,Chat,Operacional,18,1
167,91,Chat,Operacional,23,4
168,179,Telefone,Financeiro,18,1
169,184,Telefone,Técnico,38,2
170,12,E-mail,Técnico,41,3
171,132,Telefone,Dúvida,61,3
172,10,Chat,Financeiro,37,3
173,200,E-mail,Operacional,35,1
174,95,Telefone,Reclamação,57,4
175,87,E-mail,Reclamação,64,3
176,133,Telefone,Técnico,55,1
177,111,Chat,Financeiro,70,3
178,83,E-mail,Técnico,42,3
179,79,Telefone,Dúvida,55,2
180,177,Telefone,Operacional,58,1
181,187,Telefone,Dúvida,56,3
182,164,E-mail,Técnico,52,3
183,132,Chat,Financeiro,4,2
184,156,Chat,Reclamação,5,2
185,18,E-mail,Operacional,47,4
186,146,E-mail,Dúvida,20,4
187,95,Telefone,Reclamação,10,5
188,36,Chat,Operacional,51,3
189,167,Telefone,Financeiro,15,1
190,189,E-mail,Reclamação,67,4
191,144,E-mail,Operacional,34,4
192,55,Chat,Operacional,63,2
193,32,E-mail,Técnico,58,2
194,183,Telefone,Técnico,41,3
195,182,E-mail,Dúvida,70,3
196,77,E-mail,Financeiro,47,5
197,58,E-mail,Financeiro,18,2
198,127,E-mail,Operacional,71,5
199,95,Telefone,Dúvida,17,5
200,23,E-mail,Operacional,51,4
201,808,E-mail,Reclamação,41,5
202,1048,E-mail,Operacional,51,2
203,876,Telefone,Reclamação,48,1
204,583,Telefone,Operacional,40,4
205,1149,E-mail,Financeiro,57,4
206,907,Telefone,Financeiro,55,4
207,286,Chat,Dúvida,12,2
208,426,Telefone,Reclamação,68,3
209,136,Chat,Reclamação,12,1
210,839,Chat,Operacional,54,2
211,1139,Telefone,Dúvida,18,2
212,381,Telefone,Operacional,71,4
213,87,Telefone,Dúvida,39,4
214,1146,Chat,Reclamação,29,1
215,6,E-mail,Operacional,39,4
216,255,Chat,Operacional,54,2
217,1008,Chat,Financeiro,4,1
218,568,Telefone,Técnico,47,5
219,985,Chat,Reclamação,34,4
220,245,Telefone,Dúvida,3,3
221,334,Chat,Técnico,19,3
222,945,Chat,Financeiro,46,2
223,109,Telefone,Operacional,54,3
224,100,Telefone,Operacional,68,1
225,1053,E-mail,Financeiro,13,5
226,343,Chat,Operacional,41,3
227,556,Chat,Operacional,13,5
228,1188,Telefone,Financeiro,2,2
229,1062,Telefone,Operacional,63,4
230,697,E-mail,Técnico,28,2
231,1031,E-mail,Financeiro,72,5
232,1077,Chat,Dúvida,15,4
233,944,E-mail,Técnico,17,1
234,983,Telefone,Operacional,47,2
235,906,Chat,Dúvida,44,2
236,624,E-mail,Técnico,29,2
237,292,Chat,Financeiro,40,2
238,430,E-mail,Técnico,55,1
239,160,E-mail,Reclamação,56,1
240,403,E-mail,Técnico,66,5
241,122,Telefone,Técnico,33,1
242,136,Telefone,Técnico,13,1
243,421,Chat,Financeiro,24,3
244,60,E-mail,Financeiro,36,5
245,713,Telefone,Financeiro,65,5
246,496,Chat,Dúvida,9,1
247,1185,E-mail,Dúvida,28,2
248,578,E-mail,Dúvida,1,1
249,439,Chat,Reclamação,47,5
250,380,Telefone,Técnico,24,3
251,778,Telefone,Financeiro,66,2
252,835,E-mail,Operacional,16,4
253,226,Chat,Financeiro,64,3
254,591,Chat,Técnico,11,3
255,1012,E-mail,Reclamação,37,4
256,639,Chat,Reclamação,29,5
257,835,Telefone,Reclamação,25,1
258,975,Chat,Operacional,23,1
259,1007,Chat,Técnico,51,4
260,1071,Chat,Técnico,16,2
261,809,Telefone,Dúvida,14,2
262,133,Telefone,Financeiro,44,2
263,828,E-mail,Financeiro,55,4
264,571,Chat,Dúvida,35,4
265,730,Telefone,Dúvida,52,4
266,1048,Telefone,Financeiro,59,1
267,251,Telefone,Reclamação,64,2
268,276,E-mail,Técnico,7,1
269,1021,Chat,Técnico,23,4
270,670,E-mail,Operacional,13,1
271,1065,Telefone,Reclamação,26,3
272,1020,Telefone,Dúvida,34,5
273,704,Chat,Dúvida,3,1
274,882,E-mail,Reclamação,58,3
275,771,Telefone,Reclamação,5,1
276,363,Chat,Operacional,22,4
277,883,E-mail,Operacional,50,4
278,225,Chat,Reclamação,71,5
279,1172,Telefone,Reclamação,72,2
280,1038,E-mail,Reclamação,34,4
281,774,Chat,Operacional,37,3
282,126,E-mail,Dúvida,6,2
283,751,Telefone,Dúvida,4,3
284,780,E-mail,Reclamação,45,3
285,844,Telefone,Técnico,32,2
286,481,Chat,Operacional,11,1
287,625,E-mail,Operacional,22,1
288,1103,Telefone,Técnico,59,4
289,1164,Chat,Reclamação,35,1
290,962,Chat,Técnico,41,4
291,1169,Telefone,Operacional,13,4
292,205,Chat,Financeiro,44,4
293,1030,Chat,Operacional,22,5
294,614,Telefone,Reclamação,26,4
295,155,Chat,Financeiro,37,3
296,98,Telefone,Dúvida,52,2
297,189,Chat,Dúvida,13,5
298,690,Telefone,Técnico,68,4
299,875,E-mail,Operacional,10,3
300,1034,Telefone,Reclamação,70,3
301,410,Telefone,Reclamação,33,5
302,1056,Telefone,Dúvida,24,1
303,1058,E-mail,Dúvida,64,2
304,958,Telefone,Dúvida,56,5
305,123,Chat,Financeiro,47,4
306,303,E-mail,Financeiro,39,4
307,841,Telefone,Técnico,27,4
308,547,Telefone,Financeiro,33,5
309,484,Telefone,Financeiro,15,2
310,394,E-mail,Financeiro,40,4
311,995,Chat,Reclamação,55,1
312,414,E-mail,Operacional,18,1
313,530,Telefone,Dúvida,23,1
314,996,E-mail,Técnico,11,3
315,611,E-mail,Reclamação,47,1
316,813,Chat,Financeiro,31,1
317,1170,Chat,Dúvida,16,5
318,1189,Chat,Operacional,64,1
319,488,Chat,Técnico,41,3
320,1197,Chat,Reclamação,31,4
321,447,E-mail,Técnico,23,2
322,563,Telefone,Reclamação,33,5
323,115,Telefone,Dúvida,48,1
324,649,Chat,Reclamação,61,2
325,569,E-mail,Operacional,61,3
326,632,E-mail,Dúvida,5,1
327,491,Telefone,Dúvida,50,3
328,744,Chat,Técnico,69,2
329,907,Telefone,Técnico,51,3
330,617,E-mail,Financeiro,39,2
331,329,Telefone,Operacional,53,1
332,562,E-mail,Reclamação,61,4
333,682,Chat,Reclamação,13,2
334,535,Chat,Técnico,46,4
335,1122,Chat,Operacional,59,1
336,107,Chat,Financeiro,57,2
337,7,Telefone,Financeiro,40,3
338,1180,E-mail,Técnico,21,2
339,1058,Chat,Financeiro,53,3
340,925,Telefone,Financeiro,34,2
341,671,Telefone,Financeiro,11,4
342,753,E-mail,Reclamação,49,5
343,460,E-mail,Técnico,72,5
344,469,E-mail,Reclamação,26,3
345,346,E-mail,Reclamação,55,5
346,533,E-mail,Técnico,48,2
347,1162,E-mail,Técnico,68,4
348,930,Chat,Reclamação,16,2
349,417,E-mail,Operacional,37,4
350,783,E-mail,Reclamação,27,5
351,442,Telefone,Financeiro,54,2
352,837,E-mail,Técnico,38,3
353,483,Chat,Reclamação,32,3
354,1194,Chat,Reclamação,11,1
355,961,E-mail,Operacional,51,2
356,786,Chat,Reclamação,33,1
357,196,Chat,Técnico,7,3
358,481,Telefone,Operacional,6,1
359,520,Chat,Dúvida,49,3
360,809,Chat,Operacional,17,5
361,85,Chat,Financeiro,34,2
362,1032,Telefone,Operacional,60,2
363,184,Telefone,Dúvida,56,2
364,534,E-mail,Operacional,6,2
365,1023,Telefone,Operacional,56,3
366,540,Chat,Operacional,67,3
367,893,E-mail,Operacional,63,2
368,1139,Chat,Reclamação,7,2
369,305,E-mail,Financeiro,24,1
370,964,Telefone,Financeiro,60,4
371,238,Telefone,Técnico,57,3
372,1149,Telefone,Reclamação,64,1
373,304,E-mail,Operacional,12,2
374,582,E-mail,Financeiro,66,3
375,1154,Chat,Dúvida,28,5
376,9,Chat,Dúvida,24,4
377,158,E-mail,Reclamação,13,3
378,54,Telefone,Técnico,51,3
379,218,Telefone,Financeiro,4,1
380,943,Chat,Reclamação,59,3
381,12,Telefone,Técnico,58,3
382,1166,E-mail,Financeiro,7,3
383,662,E-mail,Técnico,71,5
384,782,E-mail,Reclamação,33,2
385,492,Telefone,Técnico,3,2
386,334,Telefone,Reclamação,37,2
387,247,Telefone,Reclamação,56,3
388,269,Telefone,Técnico,48,5
389,410,Telefone,Reclamação,50,4
390,550,Chat,Dúvida,55,1
391,866,Telefone,Dúvida,24,4
392,873,E-mail,Técnico,66,3
393,950,Chat,Financeiro,20,4
394,1080,Chat,Dúvida,11,3
395,959,Telefone,Técnico,62,3
396,305,E-mail,Operacional,32,5
397,876,Telefone,Dúvida,7,5
398,157,E-mail,Dúvida,14,5
399,871,Telefone,Técnico,60,5
400,519,Telefone,Operacional,11,5
401,34,E-mail,Reclamação,23,2
402,805,E-mail,Técnico,54,3
403,643,Chat,Reclamação,58,5
404,543,Telefone,Financeiro,28,2
405,161,Chat,Dúvida,34,1
406,889,Chat,Técnico,1,4
407,239,E-mail,Financeiro,62,4
408,830,Chat,Dúvida,63,3
409,739,Chat,Reclamação,39,1
410,257,E-mail,Técnico,25,1
411,33,Chat,Financeiro,4,2
412,986,Chat,Financeiro,31,4
413,1104,E-mail,Técnico,39,4
414,304,Telefone,Reclamação,3,1
415,341,E-mail,Reclamação,63,4
416,41,Telefone,Dúvida,32,2
417,604,Chat,Reclamação,7,3
418,17,E-mail,Reclamação,54,4
419,1186,Chat,Dúvida,38,1
420,999,Telefone,Reclamação,66,5
421,1000,E-mail,Técnico,68,1
422,865,Chat,Operacional,71,1
423,549,Chat,Reclamação,61,1
424,1014,Chat,Operacional,58,4
425,43,E-mail,Operacional,25,4
426,705,Telefone,Financeiro,65,2
427,695,Chat,Reclamação,17,3
428,800,Telefone,Operacional,61,2
429,425,Telefone,Técnico,62,2
430,355,E-mail,Financeiro,63,1
431,852,Telefone,Operacional,31,2
432,1141,E-mail,Técnico,46,3
433,732,Chat,Financeiro,23,5
434,66,E-mail,Operacional,56,1
435,465,E-mail,Dúvida,29,4
436,529,Telefone,Operacional,6,5
437,548,E-mail,Dúvida,14,1
438,897,Telefone,Técnico,14,5
439,209,Chat,Técnico,65,1
440,343,Chat,Técnico,27,3
441,322,Chat,Operacional,57,5
442,1021,Chat,Técnico,20,3
443,686,E-mail,Técnico,26,4
444,852,E-mail,Financeiro,61,3
445,588,Chat,Financeiro,11,3
446,763,Chat,Reclamação,47,2
447,311,Chat,Reclamação,30,2
448,879,Telefone,Reclamação,59,5
449,741,E-mail,Reclamação,19,1
450,1060,E-mail,Técnico,44,3
451,823,E-mail,Reclamação,8,4
452,76,Chat,Financeiro,8,5
453,606,Telefone,Reclamação,71,3
454,643,Telefone,Técnico,36,5
455,301,Chat,Reclamação,58,2
456,1115,Chat,Dúvida,57,3
457,829,E-mail,Operacional,11,1
458,1101,Telefone,Reclamação,17,5
459,1108,Telefone,Financeiro,12,5
460,1131,Telefone,Dúvida,44,2
461,48,E-mail,Dúvida,34,2
462,623,Chat,Reclamação,65,1
463,123,Telefone,Operacional,65,3
464,254,E-mail,Técnico,58,3
465,1173,Chat,Técnico,59,3
466,484,Chat,Dúvida,69,5
467,479,Telefone,Operacional,37,5
468,287,Chat,Reclamação,67,2
469,216,Telefone,Dúvida,25,3
470,931,E-mail,Financeiro,55,4
471,168,E-mail,Técnico,55,2
472,976,E-mail,Reclamação,10,3
473,1078,Telefone,Dúvida,72,5
474,809,Telefone,Dúvida,64,4
475,902,Chat,Reclamação,54,2
476,296,Chat,Financeiro,63,4
477,265,Chat,Dúvida,68,1
478,436,Telefone,Reclamação,5,2
479,1145,Telefone,Técnico,53,1
480,248,Telefone,Dúvida,38,1
481,1071,E-mail,Técnico,48,3
482,767,Telefone,Operacional,63,1
483,293,E-mail,Dúvida,54,1
484,625,Telefone,Financeiro,24,4
485,5,E-mail,Dúvida,45,1
486,92,Telefone,Reclamação,40,5
487,927,Telefone,Reclamação,61,5
488,272,E-mail,Dúvida,59,4
489,920,E-mail,Operacional,12,5
490,839,Telefone,Financeiro,51,3
491,1108,E-mail,Reclamação,36,1
492,340,Chat,Técnico,40,5
493,254,Chat,Dúvida,11,2
494,1110,Chat,Técnico,67,2
495,975,Chat,Técnico,16,5
496,369,E-mail,Operacional,27,2
497,1187,Telefone,Técnico,69,5
498,657,Telefone,Dúvida,6,4
499,48,Telefone,Reclamação,24,4
500,50,Chat,Operacional,49,3
501,187,E-mail,Técnico,70,2
502,585,E-mail,Financeiro,33,1
503,316,Telefone,Reclamação,22,1
504,667,E-mail,Técnico,8,3
505,799,E-mail,Operacional,19,4
506,664,Telefone,Reclamação,16,1
507,415,E-mail,Dúvida,31,4
508,1042,Chat,Reclamação,15,3
509,125,Telefone,Reclamação,71,4
510,135,Telefone,Técnico,53,2
511,39,Telefone,Dúvida,13,2
512,1137,Chat,Financeiro,39,5
513,834,Telefone,Técnico,65,2
514,292,Telefone,Dúvida,22,2
515,1101,Telefone,Dúvida,58,1
516,3,Telefone,Dúvida,38,2
517,2,E-mail,Reclamação,35,5
518,514,Chat,Reclamação,45,2
519,1199,Chat,Operacional,6,2
520,1094,Chat,Técnico,39,1
521,810,Chat,Técnico,18,5
522,573,Telefone,Financeiro,65,3
523,702,Chat,Operacional,58,3
524,504,Chat,Operacional,44,2
525,942,Chat,Operacional,3,2
526,5,Chat,Reclamação,1,1
527,356,Telefone,Dúvida,63,4
528,1103,E-mail,Técnico,69,1
529,912,Chat,Técnico,46,4
530,734,Telefone,Financeiro,2,1
531,948,Telefone,Financeiro,57,1
532,454,Chat,Técnico,36,3
533,393,E-mail,Dúvida,39,2
534,480,Telefone,Operacional,5,3
535,1010,Chat,Dúvida,27,1
536,402,Chat,Reclamação,15,3
537,1166,Chat,Reclamação,22,5
538,397,Chat,Dúvida,23,1
539,263,Chat,Técnico,17,3
540,1168,E-mail,Dúvida,36,2
541,48,Chat,Dúvida,33,5
542,930,E-mail,Reclamação,7,3
543,886,Telefone,Operacional,16,5
544,956,Telefone,Operacional,67,1
545,460,E-mail,Operacional,54,5
546,920,Telefone,Técnico,51,2
547,686,E-mail,Dúvida,4,2
548,868,E-mail,Financeiro,26,2
549,675,Telefone,Técnico,13,1
550,983,Telefone,Técnico,43,3
551,507,E-mail,Reclamação,31,3
552,112,Telefone,Dúvida,31,1
553,899,E-mail,Reclamação,16,1
554,125,E-mail,Reclamação,41,1
555,262,E-mail,Reclamação,8,3
556,885,E-mail,Técnico,8,5
557,107,Telefone,Reclamação,52,1
558,842,E-mail,Dúvida,2,4
559,787,Telefone,Reclamação,13,3
560,54,Telefone,Dúvida,43,5
561,395,E-mail,Técnico,2,5
562,139,Chat,Financeiro,17,5
563,525,Telefone,Reclamação,62,5
564,911,E-mail,Financeiro,18,1
565,124,E-mail,Operacional,56,5
566,733,Telefone,Dúvida,70,2
567,302,Telefone,Operacional,44,3
568,756,E-mail,Dúvida,19,1
569,487,Chat,Dúvida,7,4
570,705,E-mail,Financeiro,26,1
571,700,E-mail,Reclamação,60,5
572,679,Chat,Dúvida,43,5
573,614,Telefone,Operacional,21,1
574,931,E-mail,Reclamação,29,1
575,457,Chat,Financeiro,60,5
576,437,E-mail,Reclamação,43,4
577,421,Telefone,Financeiro,1,3
578,21,E-mail,Operacional,4,5
579,236,E-mail,Operacional,57,2
580,1200,Telefone,Técnico,4,2
581,406,Telefone,Financeiro,29,3
582,357,Telefone,Dúvida,32,2
583,402,E-mail,Financeiro,34,1
584,43,Chat,Financeiro,49,1
585,694,E-mail,Operacional,59,2
586,758,Telefone,Financeiro,68,5
587,889,Chat,Técnico,16,2
588,268,E-mail,Financeiro,69,4
589,767,Telefone,Dúvida,55,2
590,95,Chat,Dúvida,25,5
591,603,E-mail,Operacional,32,1
592,574,E-mail,Dúvida,63,2
593,167,Telefone,Dúvida,9,2
594,1042,Telefone,Dúvida,48,4
595,1063,Telefone,Financeiro,42,3
596,1077,Chat,Reclamação,64,4
597,550,Chat,Reclamação,5,2
598,450,E-mail,Reclamação,31,4
599,448,Telefone,Reclamação,49,5
600,322,Telefone,Operacional,71,1
601,276,E-mail,Operacional,57,5
602,721,E-mail,Dúvida,6,4
603,1050,Chat,Operacional,55,4
604,958,Telefone,Reclamação,48,4
605,650,Telefone,Reclamação,4,2
606,905,E-mail,Operacional,10,3
607,169,Telefone,Dúvida,66,5
608,161,Telefone,Financeiro,13,1
609,147,Telefone,Técnico,70,2
610,684,E-mail,Operacional,33,3
611,563,E-mail,Dúvida,18,5
612,535,E-mail,Operacional,37,3
613,828,Telefone,Dúvida,2,4
614,1050,E-mail,Reclamação,30,2
615,430,Telefone,Financeiro,67,5
616,1132,Telefone,Reclamação,44,1
617,642,E-mail,Reclamação,54,2
618,899,Telefone,Dúvida,4,3
619,285,Chat,Financeiro,40,1
620,1024,Chat,Operacional,44,2
621,859,Telefone,Reclamação,69,3
622,668,Chat,Técnico,5,2
623,315,Telefone,Dúvida,51,4
624,419,Telefone,Técnico,69,4
625,386,Telefone,Técnico,43,5
626,925,Chat,Operacional,12,2
627,214,Chat,Dúvida,23,1
628,1001,E-mail,Financeiro,26,1
629,791,Telefone,Financeiro,30,3
630,1074,E-mail,Reclamação,8,3
631,1062,E-mail,Financeiro,42,4
632,801,E-mail,Técnico,17,5
633,857,Telefone,Técnico,50,2
634,267,E-mail,Operacional,56,4
635,326,Chat,Dúvida,40,5
636,416,Chat,Reclamação,36,2
637,16,E-mail,Reclamação,9,4
638,506,Chat,Operacional,63,4
639,948,Chat,Técnico,12,3
640,935,Telefone,Operacional,51,5
641,359,Telefone,Financeiro,23,5
642,885,Telefone,Reclamação,24,5
643,196,Telefone,Técnico,31,2
644,561,Chat,Dúvida,38,1
645,445,Telefone,Reclamação,71,1
646,756,E-mail,Técnico,65,3
647,840,Telefone,Financeiro,33,2
648,1037,E-mail,Reclamação,4,1
649,946,Telefone,Operacional,52,2
650,813,E-mail,Técnico,33,1
651,280,Telefone,Reclamação,63,4
652,140,E-mail,Dúvida,32,4
653,288,Telefone,Operacional,21,2
654,37,Chat,Técnico,23,3
655,255,Chat,Reclamação,22,1
656,23,Chat,Operacional,20,4
657,734,E-mail,Financeiro,5,5
658,443,Telefone,Técnico,67,1
659,800,Chat,Operacional,57,1
660,10,E-mail,Reclamação,26,2
661,768,E-mail,Financeiro,12,1
662,864,E-mail,Técnico,44,2
663,130,E-mail,Técnico,22,2
664,91,Telefone,Dúvida,14,3
665,661,Chat,Financeiro,27,5
666,810,Telefone,Técnico,30,2
667,217,Telefone,Operacional,23,1
668,824,Chat,Operacional,2,4
669,436,Telefone,Financeiro,9,3
670,756,E-mail,Técnico,28,4
671,618,Chat,Reclamação,14,5
672,1166,E-mail,Operacional,13,5
673,665,Chat,Reclamação,18,3
674,360,Chat,Operacional,62,1
675,687,E-mail,Dúvida,58,4
676,1047,Chat,Financeiro,65,5
677,28,E-mail,Técnico,16,3
678,485,Chat,Reclamação,32,5
679,163,E-mail,Financeiro,48,4
680,608,E-mail,Financeiro,49,2
681,78,E-mail,Dúvida,57,3
682,275,Telefone,Operacional,6,5
683,850,Chat,Operacional,4,2
684,679,Telefone,Financeiro,27,5
685,111,Chat,Financeiro,29,5
686,782,Chat,Operacional,24,4
687,13,E-mail,Reclamação,9,2
688,107,Chat,Financeiro,27,2
689,188,E-mail,Dúvida,71,2
690,484,Chat,Técnico,55,4
691,638,E-mail,Financeiro,32,4
692,362,Chat,Financeiro,39,3
693,1181,Telefone,Financeiro,35,4
694,164,Telefone,Reclamação,49,2
695,965,Telefone,Reclamação,65,5
696,888,E-mail,Reclamação,3,4
697,876,E-mail,Operacional,69,2
698,1133,Chat,Financeiro,33,4
699,950,Telefone,Reclamação,37,4
700,1152,Chat,Reclamação,10,3
701,280,Chat,Reclamação,26,2
702,389,E-mail,Técnico,65,3
703,1007,Telefone,Reclamação,51,3
704,787,Telefone,Operacional,10,4
705,80,E-mail,Reclamação,21,2
706,894,Telefone,Operacional,66,4
707,755,Chat,Técnico,50,4
708,506,E-mail,Reclamação,5,3
709,58,Chat,Financeiro,34,5
710,933,Chat,Financeiro,33,2
711,1185,Chat,Financeiro,2,1
712,190,Chat,Reclamação,51,5
713,165,Chat,Financeiro,55,2
714,875,Telefone,Operacional,65,5
715,784,Chat,Operacional,53,1
716,224,Chat,Dúvida,45,2
717,551,Chat,Financeiro,51,3
718,14,E-mail,Reclamação,1,1
719,144,Chat,Reclamação,68,4
720,591,Chat,Reclamação,22,2
721,768,E-mail,Financeiro,26,4
722,373,Chat,Técnico,58,5
723,436,E-mail,Financeiro,8,2
724,393,Telefone,Reclamação,57,5
725,224,Chat,Financeiro,11,3
726,176,Telefone,Técnico,36,1
727,701,E-mail,Dúvida,31,4
728,994,Chat,Técnico,2,1
729,545,E-mail,Dúvida,6,1
730,433,Chat,Técnico,49,5
731,1066,Telefone,Reclamação,61,3
732,880,Telefone,Operacional,44,3
733,491,Telefone,Reclamação,49,5
734,118,Telefone,Operacional,13,1
735,936,Chat,Reclamação,18,1
736,252,Chat,Operacional,32,3
737,926,Chat,Reclamação,66,4
738,385,E-mail,Operacional,3,3
739,94,Chat,Operacional,57,2
740,993,Telefone,Dúvida,11,3
741,877,Telefone,Técnico,50,3
742,400,Chat,Financeiro,67,5
743,1034,E-mail,Financeiro,64,1
744,618,Chat,Dúvida,60,2
745,914,E-mail,Reclamação,70,2
746,499,E-mail,Financeiro,12,1
747,891,Chat,Técnico,21,3
748,786,Telefone,Financeiro,33,4
749,253,Chat,Financeiro,69,4
750,186,Chat,Operacional,29,5
751,133,Chat,Operacional,49,4
752,1151,Telefone,Financeiro,29,3
753,237,Telefone,Técnico,15,1
754,697,Chat,Dúvida,25,1
755,1174,Telefone,Financeiro,41,4
756,1182,Chat,Técnico,40,1
757,1097,E-mail,Reclamação,55,3
758,748,Chat,Financeiro,67,5
759,455,E-mail,Reclamação,2,5
760,944,Telefone,Financeiro,38,2
761,1024,Chat,Reclamação,19,5
762,581,E-mail,Técnico,41,3
763,1029,Chat,Técnico,36,5
764,980,Chat,Financeiro,64,3
765,772,E-mail,Operacional,20,2
766,461,Chat,Técnico,23,4
767,803,Telefone,Financeiro,3,5
768,804,Telefone,Reclamação,61,3
769,802,Telefone,Técnico,68,3
770,579,Chat,Financeiro,71,4
771,200,E-mail,Operacional,7,3
772,938,Chat,Financeiro,18,4
773,989,Telefone,Financeiro,27,2
774,401,Chat,Técnico,47,5
775,209,Chat,Financeiro,49,4
776,345,E-mail,Técnico,46,4
777,368,E-mail,Técnico,66,3
778,889,E-mail,Reclamação,32,1
779,244,E-mail,Reclamação,63,3
780,354,Chat,Reclamação,12,4
781,783,Telefone,Reclamação,48,1
782,246,E-mail,Técnico,16,4
783,1044,E-mail,Técnico,62,3
784,194,Chat,Financeiro,50,4
785,889,Telefone,Dúvida,17,1
786,667,E-mail,Dúvida,24,4
787,41,Telefone,Dúvida,69,5
788,1001,E-mail,Dúvida,69,1
789,425,Chat,Técnico,24,5
790,369,E-mail,Dúvida,58,3
791,252,E-mail,Financeiro,27,2
792,180,Chat,Operacional,5,1
793,256,Chat,Operacional,47,5
794,352,Telefone,Técnico,32,3
795,95,Chat,Operacional,69,4
796,287,Chat,Reclamação,41,5
797,722,Chat,Dúvida,66,2
798,203,Chat,Técnico,31,1
799,386,E-mail,Operacional,28,2
800,1131,E-mail,Dúvida,46,3
801,264,Chat,Dúvida,55,1
802,1127,Telefone,Operacional,49,2
803,820,Telefone,Técnico,33,4
804,294,Chat,Financeiro,10,3
805,395,Chat,Operacional,66,5
806,336,Telefone,Financeiro,41,4
807,777,E-mail,Dúvida,32,1
808,554,E-mail,Dúvida,15,5
809,834,E-mail,Operacional,12,3
810,684,Telefone,Financeiro,29,3
811,21,E-mail,Reclamação,29,4
812,216,E-mail,Financeiro,68,3
813,1003,E-mail,Dúvida,45,5
814,578,Chat,Operacional,13,1
815,350,Telefone,Reclamação,24,3
816,1089,Chat,Dúvida,52,4
817,262,Telefone,Técnico,66,2
818,259,E-mail,Reclamação,35,1
819,759,Chat,Financeiro,54,4
820,375,Telefone,Operacional,60,5
821,588,Telefone,Reclamação,67,2
822,626,Chat,Técnico,40,4
823,641,E-mail,Técnico,10,2
824,192,E-mail,Dúvida,8,1
825,586,Chat,Reclamação,2,4
826,1042,Chat,Financeiro,62,4
827,1055,Chat,Dúvida,16,4
828,29,Chat,Financeiro,1,4
829,1095,Chat,Operacional,32,5
830,87,Chat,Reclamação,22,5
831,461,E-mail,Técnico,47,2
832,1053,Telefone,Técnico,55,4
833,777,E-mail,Operacional,15,3
834,512,Chat,Técnico,38,3
835,990,Telefone,Operacional,28,1
836,1165,Telefone,Financeiro,40,5
837,73,Telefone,Dúvida,63,1
838,729,E-mail,Dúvida,59,3
839,612,Telefone,Técnico,1,3
840,382,Telefone,Operacional,2,1
841,883,Telefone,Financeiro,11,5
842,1054,E-mail,Reclamação,16,4
843,15,E-mail,Operacional,29,4
844,810,Telefone,Operacional,47,4
845,374,Chat,Operacional,14,4
846,900,E-mail,Financeiro,46,4
847,12,Telefone,Financeiro,15,2
848,584,E-mail,Financeiro,51,4
849,679,E-mail,Financeiro,26,4
850,545,E-mail,Reclamação,63,5
851,1015,Chat,Financeiro,42,4
852,1028,Chat,Reclamação,17,1
853,221,E-mail,Financeiro,20,3
854,1025,E-mail,Financeiro,7,3
855,880,Chat,Técnico,56,4
856,593,Telefone,Reclamação,11,4
857,508,Chat,Financeiro,66,2
858,511,Telefone,Técnico,34,2
859,879,E-mail,Reclamação,14,5
860,372,E-mail,Dúvida,20,2
861,247,E-mail,Reclamação,5,3
862,394,E-mail,Reclamação,3,5
863,409,E-mail,Técnico,49,4
864,1076,Telefone,Financeiro,29,3
865,873,Telefone,Técnico,66,4
866,106,Telefone,Técnico,35,3
867,575,Telefone,Reclamação,32,3
868,98,E-mail,Técnico,1,1
869,659,E-mail,Operacional,61,3
870,207,Telefone,Financeiro,33,4
871,745,Telefone,Operacional,15,1
872,28,Chat,Dúvida,17,3
873,739,Chat,Operacional,68,5
874,762,E-mail,Operacional,27,5
875,787,E-mail,Técnico,17,5
876,247,E-mail,Dúvida,25,2
877,913,E-mail,Técnico,70,5
878,703,Telefone,Reclamação,26,5
879,315,E-mail,Financeiro,25,4
880,1128,Chat,Operacional,72,3
881,750,Telefone,Técnico,56,1
882,989,Telefone,Dúvida,65,1
883,342,Chat,Operacional,17,3
884,94,Chat,Técnico,25,4
885,1014,Chat,Dúvida,66,1
886,339,Telefone,Dúvida,50,5
887,800,Telefone,Dúvida,35,2
888,377,E-mail,Financeiro,28,5
889,19,Chat,Reclamação,65,5
890,531,Telefone,Financeiro,38,3
891,1131,E-mail,Financeiro,29,1
892,1093,E-mail,Operacional,6,2
893,569,E-mail,Operacional,7,2
894,431,Chat,Técnico,1,3
895,756,Telefone,Técnico,71,3
896,274,Telefone,Dúvida,38,3
897,118,Chat,Técnico,46,2
898,573,E-mail,Operacional,3,5
899,1195,E-mail,Reclamação,33,5
900,1129,E-mail,Reclamação,29,3
901,551,E-mail,Dúvida,51,2
902,914,E-mail,Reclamação,48,2
903,982,E-mail,Reclamação,24,4
904,379,E-mail,Financeiro,63,2
905,578,E-mail,Operacional,21,2
906,808,Chat,Dúvida,25,1
907,294,E-mail,Reclamação,32,4
908,825,E-mail,Dúvida,18,1
909,205,Telefone,Reclamação,3,1
910,28,Chat,Técnico,17,2
911,172,Telefone,Financeiro,2,1
912,218,Chat,Operacional,11,2
913,286,Telefone,Dúvida,57,2
914,630,Telefone,Reclamação,20,2
915,115,Chat,Operacional,70,1
916,44,E-mail,Técnico,70,3
917,211,Chat,Reclamação,19,1
918,460,E-mail,Financeiro,55,4
919,302,Telefone,Operacional,29,4
920,231,Telefone,Financeiro,15,2
921,209,Telefone,Operacional,10,5
922,684,E-mail,Operacional,11,1
923,310,E-mail,Reclamação,68,3
924,372,Chat,Reclamação,20,3
925,588,Telefone,Técnico,35,4
926,756,Telefone,Técnico,1,2
927,301,Telefone,Financeiro,50,4
928,980,E-mail,Técnico,55,3
929,297,E-mail,Operacional,17,2
930,789,Telefone,Operacional,64,4
931,986,Chat,Reclamação,43,2
932,504,Telefone,Reclamação,71,4
933,1104,Chat,Reclamação,69,5
934,472,Telefone,Técnico,54,5
935,1184,Chat,Financeiro,12,2
936,741,E-mail,Financeiro,3,3
937,1144,Telefone,Financeiro,15,1
938,716,Telefone,Financeiro,38,4
939,296,Chat,Reclamação,32,2
940,460,E-mail,Financeiro,16,2
941,774,Chat,Técnico,55,3
942,111,Chat,Técnico,10,4
943,324,E-mail,Financeiro,47,2
944,162,E-mail,Técnico,2,5
945,853,E-mail,Financeiro,61,2
946,1081,Chat,Operacional,61,4
947,691,Telefone,Técnico,37,1
948,320,E-mail,Técnico,23,5
949,329,E-mail,Reclamação,55,4
950,1135,Chat,Operacional,65,3
951,466,Telefone,Financeiro,35,1
952,1069,Telefone,Financeiro,28,4
953,115,E-mail,Reclamação,24,5
954,159,Chat,Reclamação,62,3
955,830,Telefone,Financeiro,7,3
956,869,E-mail,Operacional,14,1
957,160,Telefone,Dúvida,43,1
958,491,Telefone,Financeiro,70,1
959,134,E-mail,Dúvida,2,3
960,385,Chat,Financeiro,5,2
961,552,E-mail,Dúvida,6,5
962,991,E-mail,Técnico,41,1
963,633,E-mail,Operacional,37,4
964,1025,E-mail,Operacional,51,3
965,266,Chat,Técnico,43,4
966,1032,E-mail,Dúvida,20,1
967,783,Telefone,Dúvida,5,3
968,331,E-mail,Reclamação,11,1
969,475,E-mail,Financeiro,21,5
970,1058,Chat,Dúvida,67,3
971,917,E-mail,Operacional,38,3
972,883,E-mail,Reclamação,31,2
973,154,E-mail,Dúvida,64,1
974,31,E-mail,Operacional,71,1
975,1022,E-mail,Reclamação,41,2
976,606,E-mail,Técnico,36,5
977,745,Telefone,Técnico,10,2
978,944,Telefone,Reclamação,33,4
979,288,E-mail,Dúvida,63,1
980,745,Telefone,Reclamação,53,5
981,265,Telefone,Operacional,66,5
982,643,Telefone,Técnico,53,5
983,922,Telefone,Técnico,8,2
984,1149,E-mail,Financeiro,14,3
985,770,E-mail,Dúvida,52,1
986,457,Telefone,Reclamação,12,3
987,955,Telefone,Dúvida,60,1
988,176,E-mail,Técnico,51,4
989,409,Telefone,Operacional,9,3
990,702,Chat,Reclamação,28,4
991,235,Telefone,Reclamação,5,5
992,319,Telefone,Financeiro,28,3
993,1164,E-mail,Dúvida,49,1
994,741,Telefone,Reclamação,28,1
995,434,E-mail,Reclamação,35,3
996,361,E-mail,Financeiro,9,3
997,830,E-mail,Operacional,58,4
998,1075,E-mail,Operacional,24,1
999,190,Telefone,Operacional,39,2
1000,407,Telefone,Reclamação,62,4
1001,1097,Chat,Financeiro,56,3
1002,1169,Telefone,Técnico,72,5
1003,407,E-mail,Dúvida,19,3
1004,649,E-mail,Financeiro,59,2
1005,1023,Telefone,Técnico,53,3
1006,1067,Chat,Técnico,58,2
1007,921,Chat,Dúvida,13,1
1008,448,Chat,Financeiro,54,5
1009,341,Chat,Reclamação,28,3
1010,430,E-mail,Dúvida,2,3
1011,746,E-mail,Operacional,40,5
1012,256,Chat,Reclamação,59,4
1013,841,Telefone,Operacional,70,4
1014,1072,Telefone,Técnico,23,4
1015,878,Telefone,Financeiro,71,5
1016,334,Chat,Reclamação,49,3
1017,896,Chat,Operacional,13,1
1018,213,E-mail,Técnico,53,1
1019,1017,Chat,Dúvida,70,1
1020,910,Chat,Dúvida,5,3
1021,862,E-mail,Financeiro,59,5
1022,781,E-mail,Financeiro,61,1
1023,719,Telefone,Reclamação,51,1
1024,768,E-mail,Dúvida,37,3
1025,542,Telefone,Reclamação,31,1
1026,850,E-mail,Técnico,4,2
1027,767,Chat,Dúvida,41,3
1028,350,Chat,Reclamação,31,5
1029,802,E-mail,Dúvida,51,1
1030,1184,Telefone,Financeiro,50,2
1031,826,Telefone,Dúvida,21,4
1032,474,E-mail,Financeiro,65,1
1033,1182,Telefone,Operacional,71,2
1034,661,E-mail,Técnico,12,1
1035,896,E-mail,Dúvida,20,1
1036,1114,E-mail,Dúvida,49,1
1037,268,Telefone,Operacional,24,2
1038,455,Telefone,Financeiro,69,2
1039,775,Telefone,Técnico,36,1
1040,295,Chat,Técnico,14,1
1041,941,Chat,Técnico,14,2
1042,579,Telefone,Financeiro,12,1
1043,1013,Telefone,Financeiro,51,1
1044,1006,E-mail,Reclamação,10,4
1045,157,E-mail,Reclamação,49,3
1046,924,E-mail,Financeiro,39,1
1047,366,Chat,Dúvida,5,1
1048,703,Telefone,Reclamação,70,1
1049,325,Chat,Operacional,16,2
1050,61,Chat,Técnico,67,5
1051,313,E-mail,Operacional,15,2
1052,61,Telefone,Financeiro,29,1
1053,260,Telefone,Operacional,62,2
1054,189,Telefone,Dúvida,38,4
1055,1016,Telefone,Dúvida,52,2
1056,513,E-mail,Financeiro,36,4
1057,211,Chat,Dúvida,40,2
1058,422,Chat,Reclamação,56,4
1059,868,Chat,Operacional,41,5
1060,221,Chat,Reclamação,55,2
1061,1162,Telefone,Operacional,9,4
1062,343,E-mail,Dúvida,33,5
1063,840,Telefone,Dúvida,68,3
1064,816,E-mail,Técnico,24,3
1065,880,E-mail,Operacional,32,1
1066,441,Chat,Operacional,48,2
1067,644,E-mail,Técnico,41,1
1068,674,E-mail,Reclamação,42,2
1069,1151,E-mail,Reclamação,37,5
1070,435,Chat,Financeiro,14,5
1071,570,Chat,Dúvida,10,5
1072,864,Chat,Reclamação,41,3
1073,406,E-mail,Técnico,64,4
1074,96,Telefone,Reclamação,16,1
1075,928,E-mail,Dúvida,42,5
1076,785,E-mail,Dúvida,3,3
1077,37,Chat,Dúvida,1,4
1078,583,E-mail,Reclamação,5,5
1079,1081,E-mail,Operacional,3,1
1080,963,E-mail,Reclamação,39,3
1081,650,Telefone,Reclamação,11,5
1082,642,Telefone,Dúvida,7,4
1083,612,Chat,Reclamação,64,1
1084,766,Chat,Técnico,4,2
1085,98,E-mail,Financeiro,14,3
1086,893,E-mail,Financeiro,12,2
1087,756,Chat,Técnico,7,3
1088,89,E-mail,Técnico,39,1
1089,541,Telefone,Dúvida,49,3
1090,349,E-mail,Dúvida,59,1
1091,259,Telefone,Financeiro,53,4
1092,251,Chat,Dúvida,31,5
1093,979,Chat,Reclamação,36,3
1094,989,E-mail,Técnico,34,3
1095,170,Telefone,Dúvida,32,2
1096,160,E-mail,Reclamação,8,2
1097,27,Chat,Financeiro,60,4
1098,385,Telefone,Técnico,44,2
1099,1081,Chat,Operacional,40,4
1100,316,Chat,Técnico,17,2
1101,745,Telefone,Reclamação,66,2
1102,820,E-mail,Técnico,36,4
1103,337,Chat,Operacional,14,2
1104,945,E-mail,Técnico,31,1
1105,944,E-mail,Operacional,4,4
1106,1088,Telefone,Operacional,34,1
1107,1128,E-mail,Operacional,56,2
1108,309,Telefone,Dúvida,56,5
1109,684,E-mail,Reclamação,35,3
1110,201,E-mail,Reclamação,55,2
1111,603,E-mail,Reclamação,23,5
1112,566,Chat,Dúvida,64,5
1113,888,E-mail,Técnico,32,1
1114,450,E-mail,Técnico,5,5
1115,546,E-mail,Técnico,69,1
1116,565,E-mail,Dúvida,52,4
1117,805,E-mail,Financeiro,35,4
1118,422,E-mail,Financeiro,45,3
1119,590,Chat,Técnico,13,2
1120,1031,Chat,Dúvida,62,3
1121,489,E-mail,Operacional,9,2
1122,384,Telefone,Reclamação,19,1
1123,972,Telefone,Operacional,3,2
1124,541,E-mail,Financeiro,2,5
1125,722,Telefone,Dúvida,1,4
1126,507,Telefone,Técnico,6,1
1127,1162,Chat,Operacional,30,5
1128,1031,E-mail,Financeiro,13,1
1129,624,Chat,Operacional,58,4
1130,719,Chat,Operacional,63,3
1131,747,Telefone,Técnico,46,3
1132,684,Chat,Dúvida,62,1
1133,553,Chat,Dúvida,3,2
1134,841,E-mail,Financeiro,46,4
1135,64,E-mail,Dúvida,56,3
1136,423,Chat,Técnico,25,4
1137,222,Telefone,Dúvida,58,5
1138,359,Telefone,Operacional,43,4
1139,855,Telefone,Operacional,25,1
1140,1187,Chat,Operacional,16,4
1141,932,Chat,Operacional,37,1
1142,18,Telefone,Financeiro,60,2
1143,1072,Telefone,Dúvida,72,2
1144,622,Telefone,Operacional,9,3
1145,32,Telefone,Técnico,28,3
1146,253,E-mail,Reclamação,40,1
1147,882,Telefone,Técnico,7,3
1148,283,Telefone,Operacional,65,5
1149,318,E-mail,Operacional,19,2
1150,885,Chat,Técnico,38,2
1151,66,Telefone,Operacional,32,4
1152,866,Telefone,Técnico,34,3
1153,637,E-mail,Dúvida,56,3
1154,1185,E-mail,Financeiro,33,2
1155,853,Chat,Financeiro,39,3
1156,176,Telefone,Dúvida,60,5
1157,376,Telefone,Reclamação,13,2
1158,1079,Telefone,Operacional,65,3
1159,960,Telefone,Reclamação,60,4
1160,841,Telefone,Técnico,72,1
1161,863,E-mail,Financeiro,39,2
1162,1189,Chat,Operacional,17,5
1163,1113,Chat,Operacional,7,4
1164,258,Telefone,Técnico,60,5
1165,943,E-mail,Técnico,8,3
1166,220,Telefone,Dúvida,13,3
1167,1159,Telefone,Operacional,8,1
1168,1198,Chat,Dúvida,7,2
1169,1058,E-mail,Dúvida,64,2
1170,458,Chat,Financeiro,39,3
1171,14,Telefone,Dúvida,26,1
1172,138,E-mail,Financeiro,16,5
1173,199,E-mail,Financeiro,14,4
1174,51,Chat,Reclamação,51,1
1175,250,Telefone,Reclamação,62,2
1176,482,Chat,Operacional,57,5
1177,253,Telefone,Financeiro,3,2
1178,291,Chat,Financeiro,22,5
1179,1120,E-mail,Reclamação,62,3
1180,593,Chat,Técnico,64,3
1181,564,Telefone,Reclamação,14,4
1182,854,Telefone,Financeiro,4,3
1183,937,E-mail,Dúvida,50,1
1184,1189,Telefone,Técnico,57,1
1185,727,E-mail,Reclamação,59,3
1186,19,E-mail,Operacional,65,5
1187,432,Telefone,Dúvida,50,5
1188,129,E-mail,Financeiro,46,5
1189,695,Telefone,Financeiro,36,3
1190,807,E-mail,Reclamação,49,4
1191,370,Chat,Dúvida,68,3
1192,266,Chat,Operacional,45,5
1193,827,E-mail,Técnico,4,2
1194,475,E-mail,Técnico,64,4
1195,663,E-mail,Financeiro,14,2
1196,787,Telefone,Técnico,8,5
1197,513,E-mail,Técnico,10,4
1198,767,Chat,Técnico,23,3
1199,221,Chat,Reclamação,49,2
1200,1176,Chat,Financeiro,26,3
